#
# There is insufficient memory for the Java Runtime Environment to continue.
# Native memory allocation (malloc) failed to allocate 361136 bytes for Chunk::new
# Possible reasons:
#   The system is out of physical RAM or swap space
#   The process is running with CompressedOops enabled, and the Java Heap may be blocking the growth of the native heap
# Possible solutions:
#   Reduce memory load on the system
#   Increase physical memory or swap space
#   Check if swap backing store is full
#   Decrease Java heap size (-Xmx/-Xms)
#   Decrease number of Java threads
#   Decrease Java thread stack sizes (-Xss)
#   Set larger code cache with -XX:ReservedCodeCacheSize=
#   JVM is running with Unscaled Compressed Oops mode in which the Java heap is
#     placed in the first 4GB address space. The Java Heap base address is the
#     maximum limit for the native heap growth. Please use -XX:HeapBaseMinAddress
#     to set the Java Heap base and to place the Java Heap above 4GB virtual address.
# This output file may be truncated or incomplete.
#
#  Out of Memory Error (arena.cpp:168), pid=10828, tid=21708
#
# JRE version: Java(TM) SE Runtime Environment (21.0.8+12) (build 21.0.8+12-LTS-250)
# Java VM: Java HotSpot(TM) 64-Bit Server VM (21.0.8+12-LTS-250, mixed mode, sharing, tiered, compressed oops, compressed class ptrs, g1 gc, windows-amd64)
# No core dump will be written. Minidumps are not enabled by default on client versions of Windows
#

---------------  S U M M A R Y ------------

Command Line: --add-opens=java.base/java.lang=ALL-UNNAMED --add-opens=java.base/java.lang.invoke=ALL-UNNAMED --add-opens=java.base/java.util=ALL-UNNAMED --add-opens=java.prefs/java.util.prefs=ALL-UNNAMED --add-exports=jdk.compiler/com.sun.tools.javac.api=ALL-UNNAMED --add-exports=jdk.compiler/com.sun.tools.javac.util=ALL-UNNAMED --add-opens=java.base/java.util=ALL-UNNAMED --add-opens=java.prefs/java.util.prefs=ALL-UNNAMED --add-opens=java.base/java.nio.charset=ALL-UNNAMED --add-opens=java.base/java.net=ALL-UNNAMED --add-opens=java.base/java.util.concurrent=ALL-UNNAMED --add-opens=java.base/java.util.concurrent.atomic=ALL-UNNAMED --add-opens=java.xml/javax.xml.namespace=ALL-UNNAMED --add-opens=java.base/java.time=ALL-UNNAMED -Xms512M -Xmx1G -Dfile.encoding=UTF-8 -Duser.country=US -Duser.language=en -Duser.variant -javaagent:C:\Users\jojot\.gradle\wrapper\dists\gradle-9.4.0-bin\lcvyxq3t37f6mx9miaydrrgs\gradle-9.4.0\lib\agents\gradle-instrumentation-agent-9.4.0.jar org.gradle.launcher.daemon.bootstrap.GradleDaemon 9.4.0

Host: 13th Gen Intel(R) Core(TM) i7-1355U, 12 cores, 15G,  Windows 11 , 64 bit Build 26100 (10.0.26100.8328)
Time: Sat May 23 00:39:01 2026 Pacific Daylight Time elapsed time: 555.637460 seconds (0d 0h 9m 15s)

---------------  T H R E A D  ---------------

Current thread (0x00000240cb519dd0):  JavaThread "C2 CompilerThread0" daemon [_thread_in_native, id=21708, stack(0x000000a7e1700000,0x000000a7e1800000) (1024K)]


Current CompileTask:
C2: 555637 8931       4       org.gradle.internal.logging.text.AbstractLineChoppingStyledTextOutput::doAppend (43 bytes)

Stack: [0x000000a7e1700000,0x000000a7e1800000]
Native frames: (J=compiled Java code, j=interpreted, Vv=VM code, C=native code)
V  [jvm.dll+0x6cc179]
V  [jvm.dll+0x8584c1]
V  [jvm.dll+0x85a9ee]
V  [jvm.dll+0x85b0c3]
V  [jvm.dll+0x27ebf6]
V  [jvm.dll+0xc4f4d]
V  [jvm.dll+0xc5483]
V  [jvm.dll+0x3b6a82]
V  [jvm.dll+0x382a35]
V  [jvm.dll+0x381eaa]
V  [jvm.dll+0x247670]
V  [jvm.dll+0x246c4f]
V  [jvm.dll+0x1c7a3e]
V  [jvm.dll+0x256359]
V  [jvm.dll+0x2548ea]
V  [jvm.dll+0x3efef6]
V  [jvm.dll+0x80279b]
V  [jvm.dll+0x6ca85d]
C  [ucrtbase.dll+0x37b0]
C  [KERNEL32.DLL+0x2e957]
C  [ntdll.dll+0x427c]


---------------  P R O C E S S  ---------------

Threads class SMR info:
_java_thread_list=0x0000024115e79e20, length=70, elements={
0x00000240ad736ee0, 0x00000240cb50d010, 0x00000240cb50fa70, 0x00000240cb5128d0,
0x00000240cb513320, 0x00000240cb513ea0, 0x00000240cb516a30, 0x00000240cb519dd0,
0x00000240cb52a9a0, 0x00000240cb4fc020, 0x00000240cb751bf0, 0x000002411328e9f0,
0x0000024112b23a40, 0x00000241124b77a0, 0x0000024111ee7b10, 0x00000241135e94a0,
0x0000024111feff60, 0x0000024112870dd0, 0x0000024112871460, 0x0000024112872810,
0x0000024112873530, 0x0000024112872180, 0x0000024112871af0, 0x0000024112872ea0,
0x00000241142d9150, 0x00000241142d8ac0, 0x00000241142dab90, 0x00000241142da500,
0x00000241142db8b0, 0x00000241142d9e70, 0x00000241142db220, 0x00000241142dbf40,
0x00000241142dcc60, 0x00000241142dc5d0, 0x00000241142d97e0, 0x00000241142df3c0,
0x00000241142e00e0, 0x00000241142de6a0, 0x00000241142de010, 0x00000241142ded30,
0x00000241142dd2f0, 0x00000241142dd980, 0x0000024113eec3f0, 0x0000024113eebd60,
0x0000024113eeca80, 0x0000024113eed110, 0x0000024113eed7a0, 0x0000024113eede30,
0x0000024113eeff00, 0x0000024113eef1e0, 0x0000024113eeeb50, 0x0000024113eee4c0,
0x0000024113ef0c20, 0x0000024113ef1940, 0x0000024113ef2cf0, 0x0000024113eef870,
0x00000241183ff410, 0x0000024118400130, 0x0000024118400e50, 0x00000241184014e0,
0x00000241183fe060, 0x00000241183ffaa0, 0x00000241184007c0, 0x00000241183fe6f0,
0x00000241183fed80, 0x000002411717b310, 0x000002411717cd50, 0x000002411717d3e0,
0x000002411717da70, 0x000002411717e100
}

Java Threads: ( => current thread )
  0x00000240ad736ee0 JavaThread "main"                              [_thread_blocked, id=9052, stack(0x000000a7e0900000,0x000000a7e0a00000) (1024K)]
  0x00000240cb50d010 JavaThread "Reference Handler"          daemon [_thread_blocked, id=18428, stack(0x000000a7e1100000,0x000000a7e1200000) (1024K)]
  0x00000240cb50fa70 JavaThread "Finalizer"                  daemon [_thread_blocked, id=14344, stack(0x000000a7e1200000,0x000000a7e1300000) (1024K)]
  0x00000240cb5128d0 JavaThread "Signal Dispatcher"          daemon [_thread_blocked, id=9944, stack(0x000000a7e1300000,0x000000a7e1400000) (1024K)]
  0x00000240cb513320 JavaThread "Attach Listener"            daemon [_thread_blocked, id=20048, stack(0x000000a7e1400000,0x000000a7e1500000) (1024K)]
  0x00000240cb513ea0 JavaThread "Service Thread"             daemon [_thread_blocked, id=18132, stack(0x000000a7e1500000,0x000000a7e1600000) (1024K)]
  0x00000240cb516a30 JavaThread "Monitor Deflation Thread"   daemon [_thread_blocked, id=17672, stack(0x000000a7e1600000,0x000000a7e1700000) (1024K)]
=>0x00000240cb519dd0 JavaThread "C2 CompilerThread0"         daemon [_thread_in_native, id=21708, stack(0x000000a7e1700000,0x000000a7e1800000) (1024K)]
  0x00000240cb52a9a0 JavaThread "C1 CompilerThread0"         daemon [_thread_blocked, id=28348, stack(0x000000a7e1800000,0x000000a7e1900000) (1024K)]
  0x00000240cb4fc020 JavaThread "Common-Cleaner"             daemon [_thread_blocked, id=3876, stack(0x000000a7e1900000,0x000000a7e1a00000) (1024K)]
  0x00000240cb751bf0 JavaThread "Notification Thread"        daemon [_thread_blocked, id=12784, stack(0x000000a7e1a00000,0x000000a7e1b00000) (1024K)]
  0x000002411328e9f0 JavaThread "Daemon health stats"               [_thread_blocked, id=26296, stack(0x000000a7e2600000,0x000000a7e2700000) (1024K)]
  0x0000024112b23a40 JavaThread "Incoming local TCP Connector on port 63884"        [_thread_in_native, id=19060, stack(0x000000a7e2700000,0x000000a7e2800000) (1024K)]
  0x00000241124b77a0 JavaThread "Daemon periodic checks"            [_thread_blocked, id=27232, stack(0x000000a7e2800000,0x000000a7e2900000) (1024K)]
  0x0000024111ee7b10 JavaThread "Daemon"                            [_thread_blocked, id=13592, stack(0x000000a7e2900000,0x000000a7e2a00000) (1024K)]
  0x00000241135e94a0 JavaThread "Handler for socket connection from /127.0.0.1:63884 to /127.0.0.1:63885"        [_thread_in_native, id=16368, stack(0x000000a7e2a00000,0x000000a7e2b00000) (1024K)]
  0x0000024111feff60 JavaThread "Cancel handler"                    [_thread_blocked, id=20056, stack(0x000000a7e2b00000,0x000000a7e2c00000) (1024K)]
  0x0000024112870dd0 JavaThread "Daemon worker"                     [_thread_blocked, id=12424, stack(0x000000a7e2c00000,0x000000a7e2d00000) (1024K)]
  0x0000024112871460 JavaThread "Asynchronous log dispatcher for DefaultDaemonConnection: socket connection from /127.0.0.1:63884 to /127.0.0.1:63885"        [_thread_blocked, id=12972, stack(0x000000a7e2d00000,0x000000a7e2e00000) (1024K)]
  0x0000024112872810 JavaThread "Stdin handler"                     [_thread_blocked, id=25560, stack(0x000000a7e2e00000,0x000000a7e2f00000) (1024K)]
  0x0000024112873530 JavaThread "Daemon client event forwarder"        [_thread_blocked, id=4012, stack(0x000000a7e2f00000,0x000000a7e3000000) (1024K)]
  0x0000024112872180 JavaThread "Cache worker for journal cache (C:\Users\jojot\.gradle\caches\journal-1)"        [_thread_blocked, id=12400, stack(0x000000a7e3000000,0x000000a7e3100000) (1024K)]
  0x0000024112871af0 JavaThread "File lock request listener"        [_thread_in_native, id=3180, stack(0x000000a7e3100000,0x000000a7e3200000) (1024K)]
  0x0000024112872ea0 JavaThread "Cache worker for file hash cache (C:\Users\jojot\.gradle\caches\9.4.0\fileHashes)"        [_thread_blocked, id=22388, stack(0x000000a7e3200000,0x000000a7e3300000) (1024K)]
  0x00000241142d9150 JavaThread "Cache worker for file hash cache (C:\Users\jojot\OneDrive\Documents\GitHub\Rhythium-X.0\Rhythium X.0\.gradle\9.4.0\fileHashes)"        [_thread_blocked, id=17052, stack(0x000000a7e3500000,0x000000a7e3600000) (1024K)]
  0x00000241142d8ac0 JavaThread "Cache worker for Build Output Cleanup Cache (C:\Users\jojot\OneDrive\Documents\GitHub\Rhythium-X.0\Rhythium X.0\.gradle\buildOutputCleanup)"        [_thread_blocked, id=13108, stack(0x000000a7e3600000,0x000000a7e3700000) (1024K)]
  0x00000241142dab90 JavaThread "File watcher server"        daemon [_thread_in_native, id=24692, stack(0x000000a7e3700000,0x000000a7e3800000) (1024K)]
  0x00000241142da500 JavaThread "File watcher consumer"      daemon [_thread_blocked, id=7156, stack(0x000000a7e3800000,0x000000a7e3900000) (1024K)]
  0x00000241142db8b0 JavaThread "Cache worker for file content cache (C:\Users\jojot\.gradle\caches\9.4.0\fileContent)"        [_thread_blocked, id=26332, stack(0x000000a7e3900000,0x000000a7e3a00000) (1024K)]
  0x00000241142d9e70 JavaThread "Cache worker for checksums cache (C:\Users\jojot\OneDrive\Documents\GitHub\Rhythium-X.0\Rhythium X.0\.gradle\9.4.0\checksums)"        [_thread_blocked, id=27952, stack(0x000000a7e3a00000,0x000000a7e3b00000) (1024K)]
  0x00000241142db220 JavaThread "Cache worker for cache directory md-supplier (C:\Users\jojot\.gradle\caches\9.4.0\md-supplier)"        [_thread_blocked, id=10752, stack(0x000000a7e3b00000,0x000000a7e3c00000) (1024K)]
  0x00000241142dbf40 JavaThread "Cache worker for cache directory md-rule (C:\Users\jojot\.gradle\caches\9.4.0\md-rule)"        [_thread_blocked, id=27452, stack(0x000000a7e3c00000,0x000000a7e3d00000) (1024K)]
  0x00000241142dcc60 JavaThread "jar transforms"                    [_thread_blocked, id=804, stack(0x000000a7e3d00000,0x000000a7e3e00000) (1024K)]
  0x00000241142dc5d0 JavaThread "Build operations"                  [_thread_blocked, id=27528, stack(0x000000a7e3e00000,0x000000a7e3f00000) (1024K)]
  0x00000241142d97e0 JavaThread "Build operations Thread 2"         [_thread_blocked, id=20120, stack(0x000000a7e3f00000,0x000000a7e4000000) (1024K)]
  0x00000241142df3c0 JavaThread "Build operations Thread 3"         [_thread_blocked, id=28512, stack(0x000000a7e4000000,0x000000a7e4100000) (1024K)]
  0x00000241142e00e0 JavaThread "jar transforms Thread 2"           [_thread_blocked, id=28524, stack(0x000000a7e4100000,0x000000a7e4200000) (1024K)]
  0x00000241142de6a0 JavaThread "jar transforms Thread 3"           [_thread_blocked, id=21784, stack(0x000000a7e4200000,0x000000a7e4300000) (1024K)]
  0x00000241142de010 JavaThread "Build operations Thread 4"         [_thread_blocked, id=3112, stack(0x000000a7e4300000,0x000000a7e4400000) (1024K)]
  0x00000241142ded30 JavaThread "Build operations Thread 5"         [_thread_blocked, id=7428, stack(0x000000a7e4400000,0x000000a7e4500000) (1024K)]
  0x00000241142dd2f0 JavaThread "Build operations Thread 6"         [_thread_blocked, id=17824, stack(0x000000a7e4500000,0x000000a7e4600000) (1024K)]
  0x00000241142dd980 JavaThread "Build operations Thread 7"         [_thread_blocked, id=22092, stack(0x000000a7e4600000,0x000000a7e4700000) (1024K)]
  0x0000024113eec3f0 JavaThread "Build operations Thread 8"         [_thread_blocked, id=4016, stack(0x000000a7e4700000,0x000000a7e4800000) (1024K)]
  0x0000024113eebd60 JavaThread "Build operations Thread 9"         [_thread_blocked, id=11748, stack(0x000000a7e4800000,0x000000a7e4900000) (1024K)]
  0x0000024113eeca80 JavaThread "Build operations Thread 10"        [_thread_blocked, id=17268, stack(0x000000a7e4900000,0x000000a7e4a00000) (1024K)]
  0x0000024113eed110 JavaThread "Build operations Thread 11"        [_thread_blocked, id=13576, stack(0x000000a7e4a00000,0x000000a7e4b00000) (1024K)]
  0x0000024113eed7a0 JavaThread "Build operations Thread 12"        [_thread_blocked, id=26156, stack(0x000000a7e4b00000,0x000000a7e4c00000) (1024K)]
  0x0000024113eede30 JavaThread "build event listener"              [_thread_blocked, id=12704, stack(0x000000a7e4c00000,0x000000a7e4d00000) (1024K)]
  0x0000024113eeff00 JavaThread "jar transforms Thread 4"           [_thread_blocked, id=24228, stack(0x000000a7e4d00000,0x000000a7e4e00000) (1024K)]
  0x0000024113eef1e0 JavaThread "Memory manager"                    [_thread_blocked, id=26564, stack(0x000000a7e4e00000,0x000000a7e4f00000) (1024K)]
  0x0000024113eeeb50 JavaThread "jar transforms Thread 5"           [_thread_blocked, id=21244, stack(0x000000a7e4f00000,0x000000a7e5000000) (1024K)]
  0x0000024113eee4c0 JavaThread "jar transforms Thread 6"           [_thread_blocked, id=13012, stack(0x000000a7e5000000,0x000000a7e5100000) (1024K)]
  0x0000024113ef0c20 JavaThread "jar transforms Thread 7"           [_thread_blocked, id=18192, stack(0x000000a7e5100000,0x000000a7e5200000) (1024K)]
  0x0000024113ef1940 JavaThread "jar transforms Thread 8"           [_thread_blocked, id=22364, stack(0x000000a7e5200000,0x000000a7e5300000) (1024K)]
  0x0000024113ef2cf0 JavaThread "included builds"                   [_thread_blocked, id=21564, stack(0x000000a7e5300000,0x000000a7e5400000) (1024K)]
  0x0000024113eef870 JavaThread "Execution worker"                  [_thread_blocked, id=11324, stack(0x000000a7e5400000,0x000000a7e5500000) (1024K)]
  0x00000241183ff410 JavaThread "Execution worker Thread 2"         [_thread_blocked, id=27584, stack(0x000000a7e5500000,0x000000a7e5600000) (1024K)]
  0x0000024118400130 JavaThread "Execution worker Thread 3"         [_thread_blocked, id=14316, stack(0x000000a7e5600000,0x000000a7e5700000) (1024K)]
  0x0000024118400e50 JavaThread "Execution worker Thread 4"         [_thread_blocked, id=7088, stack(0x000000a7e5700000,0x000000a7e5800000) (1024K)]
  0x00000241184014e0 JavaThread "Execution worker Thread 5"         [_thread_blocked, id=7072, stack(0x000000a7e5800000,0x000000a7e5900000) (1024K)]
  0x00000241183fe060 JavaThread "Execution worker Thread 6"         [_thread_blocked, id=14384, stack(0x000000a7e5900000,0x000000a7e5a00000) (1024K)]
  0x00000241183ffaa0 JavaThread "Execution worker Thread 7"         [_thread_blocked, id=22184, stack(0x000000a7e5a00000,0x000000a7e5b00000) (1024K)]
  0x00000241184007c0 JavaThread "Execution worker Thread 8"         [_thread_blocked, id=2992, stack(0x000000a7e5b00000,0x000000a7e5c00000) (1024K)]
  0x00000241183fe6f0 JavaThread "Execution worker Thread 9"         [_thread_blocked, id=28100, stack(0x000000a7e5c00000,0x000000a7e5d00000) (1024K)]
  0x00000241183fed80 JavaThread "Execution worker Thread 10"        [_thread_blocked, id=3812, stack(0x000000a7e5d00000,0x000000a7e5e00000) (1024K)]
  0x000002411717b310 JavaThread "Execution worker Thread 11"        [_thread_blocked, id=23184, stack(0x000000a7e5e00000,0x000000a7e5f00000) (1024K)]
  0x000002411717cd50 JavaThread "Cache worker for execution history cache (C:\Users\jojot\OneDrive\Documents\GitHub\Rhythium-X.0\Rhythium X.0\.gradle\9.4.0\executionHistory)"        [_thread_blocked, id=28496, stack(0x000000a7e5f00000,0x000000a7e6000000) (1024K)]
  0x000002411717d3e0 JavaThread "Exec process"                      [_thread_in_native, id=10068, stack(0x000000a7e1b00000,0x000000a7e1c00000) (1024K)]
  0x000002411717da70 JavaThread "Exec process Thread 2"             [_thread_in_native, id=21632, stack(0x000000a7e1c00000,0x000000a7e1d00000) (1024K)]
  0x000002411717e100 JavaThread "Exec process Thread 3"             [_thread_in_native, id=16752, stack(0x000000a7e6000000,0x000000a7e6100000) (1024K)]
Total: 70

Other Threads:
  0x00000240cb3d7970 VMThread "VM Thread"                           [id=29600, stack(0x000000a7e1000000,0x000000a7e1100000) (1024K)]
  0x00000240cb3c1b10 WatcherThread "VM Periodic Task Thread"        [id=11256, stack(0x000000a7e0f00000,0x000000a7e1000000) (1024K)]
  0x00000240ada25090 WorkerThread "GC Thread#0"                     [id=16212, stack(0x000000a7e0a00000,0x000000a7e0b00000) (1024K)]
  0x0000024111c74bf0 WorkerThread "GC Thread#1"                     [id=4480, stack(0x000000a7e1d00000,0x000000a7e1e00000) (1024K)]
  0x0000024111b86760 WorkerThread "GC Thread#2"                     [id=11956, stack(0x000000a7e1e00000,0x000000a7e1f00000) (1024K)]
  0x0000024111b86b00 WorkerThread "GC Thread#3"                     [id=15332, stack(0x000000a7e1f00000,0x000000a7e2000000) (1024K)]
  0x0000024111b86ea0 WorkerThread "GC Thread#4"                     [id=12144, stack(0x000000a7e2000000,0x000000a7e2100000) (1024K)]
  0x0000024111b87450 WorkerThread "GC Thread#5"                     [id=4756, stack(0x000000a7e2100000,0x000000a7e2200000) (1024K)]
  0x0000024111b87a00 WorkerThread "GC Thread#6"                     [id=25368, stack(0x000000a7e2200000,0x000000a7e2300000) (1024K)]
  0x00000241113c51f0 WorkerThread "GC Thread#7"                     [id=21088, stack(0x000000a7e2300000,0x000000a7e2400000) (1024K)]
  0x00000241113c59a0 WorkerThread "GC Thread#8"                     [id=1156, stack(0x000000a7e2400000,0x000000a7e2500000) (1024K)]
  0x00000241113c5d40 WorkerThread "GC Thread#9"                     [id=14408, stack(0x000000a7e2500000,0x000000a7e2600000) (1024K)]
  0x00000240ada2ef90 ConcurrentGCThread "G1 Main Marker"            [id=4372, stack(0x000000a7e0b00000,0x000000a7e0c00000) (1024K)]
  0x00000240ada2f9a0 WorkerThread "G1 Conc#0"                       [id=26272, stack(0x000000a7e0c00000,0x000000a7e0d00000) (1024K)]
  0x00000241126bd720 WorkerThread "G1 Conc#1"                       [id=26848, stack(0x000000a7e3300000,0x000000a7e3400000) (1024K)]
  0x00000241126bde60 WorkerThread "G1 Conc#2"                       [id=6020, stack(0x000000a7e3400000,0x000000a7e3500000) (1024K)]
  0x00000240cb3b2060 ConcurrentGCThread "G1 Refine#0"               [id=25120, stack(0x000000a7e0d00000,0x000000a7e0e00000) (1024K)]
  0x00000240cb3b2880 ConcurrentGCThread "G1 Service"                [id=18064, stack(0x000000a7e0e00000,0x000000a7e0f00000) (1024K)]
Total: 18

Threads with active compile tasks:
C2 CompilerThread0   555735 8931       4       org.gradle.internal.logging.text.AbstractLineChoppingStyledTextOutput::doAppend (43 bytes)
Total: 1

VM state: not at safepoint (normal execution)

VM Mutex/Monitor currently owned by a thread: None

Heap address: 0x00000000c0000000, size: 1024 MB, Compressed Oops mode: 32-bit

CDS archive(s) mapped at: [0x00000240cc000000-0x00000240ccc90000-0x00000240ccc90000), size 13172736, SharedBaseAddress: 0x00000240cc000000, ArchiveRelocationMode: 1.
Compressed class space mapped at: 0x00000240cd000000-0x000002410d000000, reserved size: 1073741824
Narrow klass base: 0x00000240cc000000, Narrow klass shift: 0, Narrow klass range: 0x100000000

GC Precious Log:
 CardTable entry size: 512
 Card Set container configuration: InlinePtr #cards 5 size 8 Array Of Cards #cards 12 size 40 Howl #buckets 4 coarsen threshold 1843 Howl Bitmap #cards 512 size 80 coarsen threshold 460 Card regions per heap region 1 cards per card region 2048
 CPUs: 12 total, 12 available
 Memory: 16068M
 Large Page Support: Disabled
 NUMA Support: Disabled
 Compressed Oops: Enabled (32-bit)
 Heap Region Size: 1M
 Heap Min Capacity: 512M
 Heap Initial Capacity: 512M
 Heap Max Capacity: 1G
 Pre-touch: Disabled
 Parallel Workers: 10
 Concurrent Workers: 3
 Concurrent Refinement Workers: 10
 Periodic GC: Disabled

Heap:
 garbage-first heap   total 524288K, used 116827K [0x00000000c0000000, 0x0000000100000000)
  region size 1024K, 54 young (55296K), 6 survivors (6144K)
 Metaspace       used 62808K, committed 65216K, reserved 1114112K
  class space    used 9218K, committed 10368K, reserved 1048576K

Heap Regions: E=young(eden), S=young(survivor), O=old, HS=humongous(starts), HC=humongous(continues), CS=collection set, F=free, TAMS=top-at-mark-start, PB=parsable bottom
|   0|0x00000000c0000000, 0x00000000c0100000, 0x00000000c0100000|100%|HS|  |TAMS 0x00000000c0000000| PB 0x00000000c0000000| Complete 
|   1|0x00000000c0100000, 0x00000000c0200000, 0x00000000c0200000|100%|HC|  |TAMS 0x00000000c0100000| PB 0x00000000c0100000| Complete 
|   2|0x00000000c0200000, 0x00000000c0300000, 0x00000000c0300000|100%|HC|  |TAMS 0x00000000c0200000| PB 0x00000000c0200000| Complete 
|   3|0x00000000c0300000, 0x00000000c0400000, 0x00000000c0400000|100%|HC|  |TAMS 0x00000000c0300000| PB 0x00000000c0300000| Complete 
|   4|0x00000000c0400000, 0x00000000c0500000, 0x00000000c0500000|100%| O|  |TAMS 0x00000000c0400000| PB 0x00000000c0400000| Untracked 
|   5|0x00000000c0500000, 0x00000000c0600000, 0x00000000c0600000|100%| O|  |TAMS 0x00000000c0500000| PB 0x00000000c0500000| Untracked 
|   6|0x00000000c0600000, 0x00000000c0700000, 0x00000000c0700000|100%| O|  |TAMS 0x00000000c0600000| PB 0x00000000c0600000| Untracked 
|   7|0x00000000c0700000, 0x00000000c0800000, 0x00000000c0800000|100%|HS|  |TAMS 0x00000000c0700000| PB 0x00000000c0700000| Complete 
|   8|0x00000000c0800000, 0x00000000c0900000, 0x00000000c0900000|100%| O|  |TAMS 0x00000000c0800000| PB 0x00000000c0800000| Untracked 
|   9|0x00000000c0900000, 0x00000000c0a00000, 0x00000000c0a00000|100%| O|  |TAMS 0x00000000c0900000| PB 0x00000000c0900000| Untracked 
|  10|0x00000000c0a00000, 0x00000000c0b00000, 0x00000000c0b00000|100%| O|  |TAMS 0x00000000c0a00000| PB 0x00000000c0a00000| Untracked 
|  11|0x00000000c0b00000, 0x00000000c0c00000, 0x00000000c0c00000|100%| O|  |TAMS 0x00000000c0b00000| PB 0x00000000c0b00000| Untracked 
|  12|0x00000000c0c00000, 0x00000000c0d00000, 0x00000000c0d00000|100%| O|  |TAMS 0x00000000c0c00000| PB 0x00000000c0c00000| Untracked 
|  13|0x00000000c0d00000, 0x00000000c0e00000, 0x00000000c0e00000|100%|HS|  |TAMS 0x00000000c0d00000| PB 0x00000000c0d00000| Complete 
|  14|0x00000000c0e00000, 0x00000000c0f00000, 0x00000000c0f00000|100%|HC|  |TAMS 0x00000000c0e00000| PB 0x00000000c0e00000| Complete 
|  15|0x00000000c0f00000, 0x00000000c1000000, 0x00000000c1000000|100%| O|  |TAMS 0x00000000c0f00000| PB 0x00000000c0f00000| Untracked 
|  16|0x00000000c1000000, 0x00000000c1100000, 0x00000000c1100000|100%| O|  |TAMS 0x00000000c1000000| PB 0x00000000c1000000| Untracked 
|  17|0x00000000c1100000, 0x00000000c1200000, 0x00000000c1200000|100%| O|  |TAMS 0x00000000c1100000| PB 0x00000000c1100000| Untracked 
|  18|0x00000000c1200000, 0x00000000c1300000, 0x00000000c1300000|100%| O|  |TAMS 0x00000000c1200000| PB 0x00000000c1200000| Untracked 
|  19|0x00000000c1300000, 0x00000000c1400000, 0x00000000c1400000|100%|HS|  |TAMS 0x00000000c1300000| PB 0x00000000c1300000| Complete 
|  20|0x00000000c1400000, 0x00000000c1500000, 0x00000000c1500000|100%|HC|  |TAMS 0x00000000c1400000| PB 0x00000000c1400000| Complete 
|  21|0x00000000c1500000, 0x00000000c1600000, 0x00000000c1600000|100%|HS|  |TAMS 0x00000000c1500000| PB 0x00000000c1500000| Complete 
|  22|0x00000000c1600000, 0x00000000c1700000, 0x00000000c1700000|100%|HC|  |TAMS 0x00000000c1600000| PB 0x00000000c1600000| Complete 
|  23|0x00000000c1700000, 0x00000000c1800000, 0x00000000c1800000|100%| O|  |TAMS 0x00000000c1700000| PB 0x00000000c1700000| Untracked 
|  24|0x00000000c1800000, 0x00000000c1900000, 0x00000000c1900000|100%| O|Cm|TAMS 0x00000000c1800000| PB 0x00000000c1800000| Complete 
|  25|0x00000000c1900000, 0x00000000c1a00000, 0x00000000c1a00000|100%| O|  |TAMS 0x00000000c1900000| PB 0x00000000c1900000| Untracked 
|  26|0x00000000c1a00000, 0x00000000c1b00000, 0x00000000c1b00000|100%| O|  |TAMS 0x00000000c1a00000| PB 0x00000000c1a00000| Untracked 
|  27|0x00000000c1b00000, 0x00000000c1c00000, 0x00000000c1c00000|100%| O|  |TAMS 0x00000000c1b00000| PB 0x00000000c1b00000| Untracked 
|  28|0x00000000c1c00000, 0x00000000c1d00000, 0x00000000c1d00000|100%| O|  |TAMS 0x00000000c1c00000| PB 0x00000000c1c00000| Untracked 
|  29|0x00000000c1d00000, 0x00000000c1e00000, 0x00000000c1e00000|100%| O|  |TAMS 0x00000000c1d00000| PB 0x00000000c1d00000| Untracked 
|  30|0x00000000c1e00000, 0x00000000c1f00000, 0x00000000c1f00000|100%| O|  |TAMS 0x00000000c1e00000| PB 0x00000000c1e00000| Untracked 
|  31|0x00000000c1f00000, 0x00000000c2000000, 0x00000000c2000000|100%| O|  |TAMS 0x00000000c1f00000| PB 0x00000000c1f00000| Untracked 
|  32|0x00000000c2000000, 0x00000000c2100000, 0x00000000c2100000|100%| O|  |TAMS 0x00000000c2000000| PB 0x00000000c2000000| Untracked 
|  33|0x00000000c2100000, 0x00000000c2200000, 0x00000000c2200000|100%| O|  |TAMS 0x00000000c2100000| PB 0x00000000c2100000| Untracked 
|  34|0x00000000c2200000, 0x00000000c2300000, 0x00000000c2300000|100%| O|  |TAMS 0x00000000c2200000| PB 0x00000000c2200000| Untracked 
|  35|0x00000000c2300000, 0x00000000c2400000, 0x00000000c2400000|100%| O|  |TAMS 0x00000000c2300000| PB 0x00000000c2300000| Untracked 
|  36|0x00000000c2400000, 0x00000000c2500000, 0x00000000c2500000|100%| O|  |TAMS 0x00000000c2400000| PB 0x00000000c2400000| Untracked 
|  37|0x00000000c2500000, 0x00000000c2600000, 0x00000000c2600000|100%| O|  |TAMS 0x00000000c2500000| PB 0x00000000c2500000| Untracked 
|  38|0x00000000c2600000, 0x00000000c2700000, 0x00000000c2700000|100%| O|  |TAMS 0x00000000c2600000| PB 0x00000000c2600000| Untracked 
|  39|0x00000000c2700000, 0x00000000c2800000, 0x00000000c2800000|100%| O|  |TAMS 0x00000000c2700000| PB 0x00000000c2700000| Untracked 
|  40|0x00000000c2800000, 0x00000000c2900000, 0x00000000c2900000|100%| O|  |TAMS 0x00000000c2800000| PB 0x00000000c2800000| Untracked 
|  41|0x00000000c2900000, 0x00000000c2a00000, 0x00000000c2a00000|100%| O|  |TAMS 0x00000000c2900000| PB 0x00000000c2900000| Untracked 
|  42|0x00000000c2a00000, 0x00000000c2b00000, 0x00000000c2b00000|100%| O|  |TAMS 0x00000000c2a00000| PB 0x00000000c2a00000| Untracked 
|  43|0x00000000c2b00000, 0x00000000c2c00000, 0x00000000c2c00000|100%| O|  |TAMS 0x00000000c2b00000| PB 0x00000000c2b00000| Untracked 
|  44|0x00000000c2c00000, 0x00000000c2d00000, 0x00000000c2d00000|100%| O|  |TAMS 0x00000000c2c00000| PB 0x00000000c2c00000| Untracked 
|  45|0x00000000c2d00000, 0x00000000c2e00000, 0x00000000c2e00000|100%| O|  |TAMS 0x00000000c2d00000| PB 0x00000000c2d00000| Untracked 
|  46|0x00000000c2e00000, 0x00000000c2f00000, 0x00000000c2f00000|100%| O|  |TAMS 0x00000000c2e00000| PB 0x00000000c2e00000| Untracked 
|  47|0x00000000c2f00000, 0x00000000c3000000, 0x00000000c3000000|100%| O|  |TAMS 0x00000000c2f00000| PB 0x00000000c2f00000| Untracked 
|  48|0x00000000c3000000, 0x00000000c3100000, 0x00000000c3100000|100%| O|  |TAMS 0x00000000c3000000| PB 0x00000000c3000000| Untracked 
|  49|0x00000000c3100000, 0x00000000c3200000, 0x00000000c3200000|100%| O|  |TAMS 0x00000000c3100000| PB 0x00000000c3100000| Untracked 
|  50|0x00000000c3200000, 0x00000000c3300000, 0x00000000c3300000|100%| O|  |TAMS 0x00000000c3200000| PB 0x00000000c3200000| Untracked 
|  51|0x00000000c3300000, 0x00000000c3400000, 0x00000000c3400000|100%| O|  |TAMS 0x00000000c3300000| PB 0x00000000c3300000| Untracked 
|  52|0x00000000c3400000, 0x00000000c3500000, 0x00000000c3500000|100%| O|  |TAMS 0x00000000c3400000| PB 0x00000000c3400000| Untracked 
|  53|0x00000000c3500000, 0x00000000c3600000, 0x00000000c3600000|100%| O|  |TAMS 0x00000000c3500000| PB 0x00000000c3500000| Untracked 
|  54|0x00000000c3600000, 0x00000000c3700000, 0x00000000c3700000|100%| O|  |TAMS 0x00000000c3600000| PB 0x00000000c3600000| Untracked 
|  55|0x00000000c3700000, 0x00000000c3800000, 0x00000000c3800000|100%| O|  |TAMS 0x00000000c3700000| PB 0x00000000c3700000| Untracked 
|  56|0x00000000c3800000, 0x00000000c3900000, 0x00000000c3900000|100%| O|  |TAMS 0x00000000c3800000| PB 0x00000000c3800000| Untracked 
|  57|0x00000000c3900000, 0x00000000c3a00000, 0x00000000c3a00000|100%| O|  |TAMS 0x00000000c3900000| PB 0x00000000c3900000| Untracked 
|  58|0x00000000c3a00000, 0x00000000c3b00000, 0x00000000c3b00000|100%| O|  |TAMS 0x00000000c3a00000| PB 0x00000000c3a00000| Untracked 
|  59|0x00000000c3b00000, 0x00000000c3c00000, 0x00000000c3c00000|100%| O|  |TAMS 0x00000000c3b00000| PB 0x00000000c3b00000| Untracked 
|  60|0x00000000c3c00000, 0x00000000c3d00000, 0x00000000c3d00000|100%| O|  |TAMS 0x00000000c3c00000| PB 0x00000000c3c00000| Untracked 
|  61|0x00000000c3d00000, 0x00000000c3d96f00, 0x00000000c3e00000| 58%| O|  |TAMS 0x00000000c3d00000| PB 0x00000000c3d00000| Untracked 
|  62|0x00000000c3e00000, 0x00000000c3e00000, 0x00000000c3f00000|  0%| F|  |TAMS 0x00000000c3e00000| PB 0x00000000c3e00000| Untracked 
|  63|0x00000000c3f00000, 0x00000000c3f00000, 0x00000000c4000000|  0%| F|  |TAMS 0x00000000c3f00000| PB 0x00000000c3f00000| Untracked 
|  64|0x00000000c4000000, 0x00000000c4000000, 0x00000000c4100000|  0%| F|  |TAMS 0x00000000c4000000| PB 0x00000000c4000000| Untracked 
|  65|0x00000000c4100000, 0x00000000c4100000, 0x00000000c4200000|  0%| F|  |TAMS 0x00000000c4100000| PB 0x00000000c4100000| Untracked 
|  66|0x00000000c4200000, 0x00000000c4200000, 0x00000000c4300000|  0%| F|  |TAMS 0x00000000c4200000| PB 0x00000000c4200000| Untracked 
|  67|0x00000000c4300000, 0x00000000c4300000, 0x00000000c4400000|  0%| F|  |TAMS 0x00000000c4300000| PB 0x00000000c4300000| Untracked 
|  68|0x00000000c4400000, 0x00000000c4400000, 0x00000000c4500000|  0%| F|  |TAMS 0x00000000c4400000| PB 0x00000000c4400000| Untracked 
|  69|0x00000000c4500000, 0x00000000c4500000, 0x00000000c4600000|  0%| F|  |TAMS 0x00000000c4500000| PB 0x00000000c4500000| Untracked 
|  70|0x00000000c4600000, 0x00000000c4600000, 0x00000000c4700000|  0%| F|  |TAMS 0x00000000c4600000| PB 0x00000000c4600000| Untracked 
|  71|0x00000000c4700000, 0x00000000c4700000, 0x00000000c4800000|  0%| F|  |TAMS 0x00000000c4700000| PB 0x00000000c4700000| Untracked 
|  72|0x00000000c4800000, 0x00000000c4800000, 0x00000000c4900000|  0%| F|  |TAMS 0x00000000c4800000| PB 0x00000000c4800000| Untracked 
|  73|0x00000000c4900000, 0x00000000c4900000, 0x00000000c4a00000|  0%| F|  |TAMS 0x00000000c4900000| PB 0x00000000c4900000| Untracked 
|  74|0x00000000c4a00000, 0x00000000c4a00000, 0x00000000c4b00000|  0%| F|  |TAMS 0x00000000c4a00000| PB 0x00000000c4a00000| Untracked 
|  75|0x00000000c4b00000, 0x00000000c4b00000, 0x00000000c4c00000|  0%| F|  |TAMS 0x00000000c4b00000| PB 0x00000000c4b00000| Untracked 
|  76|0x00000000c4c00000, 0x00000000c4c00000, 0x00000000c4d00000|  0%| F|  |TAMS 0x00000000c4c00000| PB 0x00000000c4c00000| Untracked 
|  77|0x00000000c4d00000, 0x00000000c4d00000, 0x00000000c4e00000|  0%| F|  |TAMS 0x00000000c4d00000| PB 0x00000000c4d00000| Untracked 
|  78|0x00000000c4e00000, 0x00000000c4e00000, 0x00000000c4f00000|  0%| F|  |TAMS 0x00000000c4e00000| PB 0x00000000c4e00000| Untracked 
|  79|0x00000000c4f00000, 0x00000000c4f00000, 0x00000000c5000000|  0%| F|  |TAMS 0x00000000c4f00000| PB 0x00000000c4f00000| Untracked 
|  80|0x00000000c5000000, 0x00000000c5000000, 0x00000000c5100000|  0%| F|  |TAMS 0x00000000c5000000| PB 0x00000000c5000000| Untracked 
|  81|0x00000000c5100000, 0x00000000c5100000, 0x00000000c5200000|  0%| F|  |TAMS 0x00000000c5100000| PB 0x00000000c5100000| Untracked 
|  82|0x00000000c5200000, 0x00000000c5200000, 0x00000000c5300000|  0%| F|  |TAMS 0x00000000c5200000| PB 0x00000000c5200000| Untracked 
|  83|0x00000000c5300000, 0x00000000c5300000, 0x00000000c5400000|  0%| F|  |TAMS 0x00000000c5300000| PB 0x00000000c5300000| Untracked 
|  84|0x00000000c5400000, 0x00000000c5400000, 0x00000000c5500000|  0%| F|  |TAMS 0x00000000c5400000| PB 0x00000000c5400000| Untracked 
|  85|0x00000000c5500000, 0x00000000c5500000, 0x00000000c5600000|  0%| F|  |TAMS 0x00000000c5500000| PB 0x00000000c5500000| Untracked 
|  86|0x00000000c5600000, 0x00000000c5600000, 0x00000000c5700000|  0%| F|  |TAMS 0x00000000c5600000| PB 0x00000000c5600000| Untracked 
|  87|0x00000000c5700000, 0x00000000c5700000, 0x00000000c5800000|  0%| F|  |TAMS 0x00000000c5700000| PB 0x00000000c5700000| Untracked 
|  88|0x00000000c5800000, 0x00000000c5800000, 0x00000000c5900000|  0%| F|  |TAMS 0x00000000c5800000| PB 0x00000000c5800000| Untracked 
|  89|0x00000000c5900000, 0x00000000c5900000, 0x00000000c5a00000|  0%| F|  |TAMS 0x00000000c5900000| PB 0x00000000c5900000| Untracked 
|  90|0x00000000c5a00000, 0x00000000c5a00000, 0x00000000c5b00000|  0%| F|  |TAMS 0x00000000c5a00000| PB 0x00000000c5a00000| Untracked 
|  91|0x00000000c5b00000, 0x00000000c5b00000, 0x00000000c5c00000|  0%| F|  |TAMS 0x00000000c5b00000| PB 0x00000000c5b00000| Untracked 
|  92|0x00000000c5c00000, 0x00000000c5c00000, 0x00000000c5d00000|  0%| F|  |TAMS 0x00000000c5c00000| PB 0x00000000c5c00000| Untracked 
|  93|0x00000000c5d00000, 0x00000000c5d00000, 0x00000000c5e00000|  0%| F|  |TAMS 0x00000000c5d00000| PB 0x00000000c5d00000| Untracked 
|  94|0x00000000c5e00000, 0x00000000c5e00000, 0x00000000c5f00000|  0%| F|  |TAMS 0x00000000c5e00000| PB 0x00000000c5e00000| Untracked 
|  95|0x00000000c5f00000, 0x00000000c5f00000, 0x00000000c6000000|  0%| F|  |TAMS 0x00000000c5f00000| PB 0x00000000c5f00000| Untracked 
|  96|0x00000000c6000000, 0x00000000c6000000, 0x00000000c6100000|  0%| F|  |TAMS 0x00000000c6000000| PB 0x00000000c6000000| Untracked 
|  97|0x00000000c6100000, 0x00000000c6100000, 0x00000000c6200000|  0%| F|  |TAMS 0x00000000c6100000| PB 0x00000000c6100000| Untracked 
|  98|0x00000000c6200000, 0x00000000c6200000, 0x00000000c6300000|  0%| F|  |TAMS 0x00000000c6200000| PB 0x00000000c6200000| Untracked 
|  99|0x00000000c6300000, 0x00000000c6300000, 0x00000000c6400000|  0%| F|  |TAMS 0x00000000c6300000| PB 0x00000000c6300000| Untracked 
| 100|0x00000000c6400000, 0x00000000c6400000, 0x00000000c6500000|  0%| F|  |TAMS 0x00000000c6400000| PB 0x00000000c6400000| Untracked 
| 101|0x00000000c6500000, 0x00000000c6500000, 0x00000000c6600000|  0%| F|  |TAMS 0x00000000c6500000| PB 0x00000000c6500000| Untracked 
| 102|0x00000000c6600000, 0x00000000c6600000, 0x00000000c6700000|  0%| F|  |TAMS 0x00000000c6600000| PB 0x00000000c6600000| Untracked 
| 103|0x00000000c6700000, 0x00000000c6700000, 0x00000000c6800000|  0%| F|  |TAMS 0x00000000c6700000| PB 0x00000000c6700000| Untracked 
| 104|0x00000000c6800000, 0x00000000c6800000, 0x00000000c6900000|  0%| F|  |TAMS 0x00000000c6800000| PB 0x00000000c6800000| Untracked 
| 105|0x00000000c6900000, 0x00000000c6900000, 0x00000000c6a00000|  0%| F|  |TAMS 0x00000000c6900000| PB 0x00000000c6900000| Untracked 
| 106|0x00000000c6a00000, 0x00000000c6a00000, 0x00000000c6b00000|  0%| F|  |TAMS 0x00000000c6a00000| PB 0x00000000c6a00000| Untracked 
| 107|0x00000000c6b00000, 0x00000000c6b00000, 0x00000000c6c00000|  0%| F|  |TAMS 0x00000000c6b00000| PB 0x00000000c6b00000| Untracked 
| 108|0x00000000c6c00000, 0x00000000c6c00000, 0x00000000c6d00000|  0%| F|  |TAMS 0x00000000c6c00000| PB 0x00000000c6c00000| Untracked 
| 109|0x00000000c6d00000, 0x00000000c6d00000, 0x00000000c6e00000|  0%| F|  |TAMS 0x00000000c6d00000| PB 0x00000000c6d00000| Untracked 
| 110|0x00000000c6e00000, 0x00000000c6e00000, 0x00000000c6f00000|  0%| F|  |TAMS 0x00000000c6e00000| PB 0x00000000c6e00000| Untracked 
| 111|0x00000000c6f00000, 0x00000000c6f00000, 0x00000000c7000000|  0%| F|  |TAMS 0x00000000c6f00000| PB 0x00000000c6f00000| Untracked 
| 112|0x00000000c7000000, 0x00000000c7000000, 0x00000000c7100000|  0%| F|  |TAMS 0x00000000c7000000| PB 0x00000000c7000000| Untracked 
| 113|0x00000000c7100000, 0x00000000c7100000, 0x00000000c7200000|  0%| F|  |TAMS 0x00000000c7100000| PB 0x00000000c7100000| Untracked 
| 114|0x00000000c7200000, 0x00000000c7200000, 0x00000000c7300000|  0%| F|  |TAMS 0x00000000c7200000| PB 0x00000000c7200000| Untracked 
| 115|0x00000000c7300000, 0x00000000c7300000, 0x00000000c7400000|  0%| F|  |TAMS 0x00000000c7300000| PB 0x00000000c7300000| Untracked 
| 116|0x00000000c7400000, 0x00000000c7400000, 0x00000000c7500000|  0%| F|  |TAMS 0x00000000c7400000| PB 0x00000000c7400000| Untracked 
| 117|0x00000000c7500000, 0x00000000c7500000, 0x00000000c7600000|  0%| F|  |TAMS 0x00000000c7500000| PB 0x00000000c7500000| Untracked 
| 118|0x00000000c7600000, 0x00000000c7600000, 0x00000000c7700000|  0%| F|  |TAMS 0x00000000c7600000| PB 0x00000000c7600000| Untracked 
| 119|0x00000000c7700000, 0x00000000c7700000, 0x00000000c7800000|  0%| F|  |TAMS 0x00000000c7700000| PB 0x00000000c7700000| Untracked 
| 120|0x00000000c7800000, 0x00000000c7800000, 0x00000000c7900000|  0%| F|  |TAMS 0x00000000c7800000| PB 0x00000000c7800000| Untracked 
| 121|0x00000000c7900000, 0x00000000c7900000, 0x00000000c7a00000|  0%| F|  |TAMS 0x00000000c7900000| PB 0x00000000c7900000| Untracked 
| 122|0x00000000c7a00000, 0x00000000c7a00000, 0x00000000c7b00000|  0%| F|  |TAMS 0x00000000c7a00000| PB 0x00000000c7a00000| Untracked 
| 123|0x00000000c7b00000, 0x00000000c7b00000, 0x00000000c7c00000|  0%| F|  |TAMS 0x00000000c7b00000| PB 0x00000000c7b00000| Untracked 
| 124|0x00000000c7c00000, 0x00000000c7c00000, 0x00000000c7d00000|  0%| F|  |TAMS 0x00000000c7c00000| PB 0x00000000c7c00000| Untracked 
| 125|0x00000000c7d00000, 0x00000000c7d00000, 0x00000000c7e00000|  0%| F|  |TAMS 0x00000000c7d00000| PB 0x00000000c7d00000| Untracked 
| 126|0x00000000c7e00000, 0x00000000c7e00000, 0x00000000c7f00000|  0%| F|  |TAMS 0x00000000c7e00000| PB 0x00000000c7e00000| Untracked 
| 127|0x00000000c7f00000, 0x00000000c7f00000, 0x00000000c8000000|  0%| F|  |TAMS 0x00000000c7f00000| PB 0x00000000c7f00000| Untracked 
| 128|0x00000000c8000000, 0x00000000c8000000, 0x00000000c8100000|  0%| F|  |TAMS 0x00000000c8000000| PB 0x00000000c8000000| Untracked 
| 129|0x00000000c8100000, 0x00000000c8100000, 0x00000000c8200000|  0%| F|  |TAMS 0x00000000c8100000| PB 0x00000000c8100000| Untracked 
| 130|0x00000000c8200000, 0x00000000c8200000, 0x00000000c8300000|  0%| F|  |TAMS 0x00000000c8200000| PB 0x00000000c8200000| Untracked 
| 131|0x00000000c8300000, 0x00000000c8300000, 0x00000000c8400000|  0%| F|  |TAMS 0x00000000c8300000| PB 0x00000000c8300000| Untracked 
| 132|0x00000000c8400000, 0x00000000c8400000, 0x00000000c8500000|  0%| F|  |TAMS 0x00000000c8400000| PB 0x00000000c8400000| Untracked 
| 133|0x00000000c8500000, 0x00000000c8500000, 0x00000000c8600000|  0%| F|  |TAMS 0x00000000c8500000| PB 0x00000000c8500000| Untracked 
| 134|0x00000000c8600000, 0x00000000c8600000, 0x00000000c8700000|  0%| F|  |TAMS 0x00000000c8600000| PB 0x00000000c8600000| Untracked 
| 135|0x00000000c8700000, 0x00000000c8700000, 0x00000000c8800000|  0%| F|  |TAMS 0x00000000c8700000| PB 0x00000000c8700000| Untracked 
| 136|0x00000000c8800000, 0x00000000c8800000, 0x00000000c8900000|  0%| F|  |TAMS 0x00000000c8800000| PB 0x00000000c8800000| Untracked 
| 137|0x00000000c8900000, 0x00000000c8900000, 0x00000000c8a00000|  0%| F|  |TAMS 0x00000000c8900000| PB 0x00000000c8900000| Untracked 
| 138|0x00000000c8a00000, 0x00000000c8a00000, 0x00000000c8b00000|  0%| F|  |TAMS 0x00000000c8a00000| PB 0x00000000c8a00000| Untracked 
| 139|0x00000000c8b00000, 0x00000000c8b00000, 0x00000000c8c00000|  0%| F|  |TAMS 0x00000000c8b00000| PB 0x00000000c8b00000| Untracked 
| 140|0x00000000c8c00000, 0x00000000c8c00000, 0x00000000c8d00000|  0%| F|  |TAMS 0x00000000c8c00000| PB 0x00000000c8c00000| Untracked 
| 141|0x00000000c8d00000, 0x00000000c8d00000, 0x00000000c8e00000|  0%| F|  |TAMS 0x00000000c8d00000| PB 0x00000000c8d00000| Untracked 
| 142|0x00000000c8e00000, 0x00000000c8e00000, 0x00000000c8f00000|  0%| F|  |TAMS 0x00000000c8e00000| PB 0x00000000c8e00000| Untracked 
| 143|0x00000000c8f00000, 0x00000000c8f00000, 0x00000000c9000000|  0%| F|  |TAMS 0x00000000c8f00000| PB 0x00000000c8f00000| Untracked 
| 144|0x00000000c9000000, 0x00000000c9000000, 0x00000000c9100000|  0%| F|  |TAMS 0x00000000c9000000| PB 0x00000000c9000000| Untracked 
| 145|0x00000000c9100000, 0x00000000c9100000, 0x00000000c9200000|  0%| F|  |TAMS 0x00000000c9100000| PB 0x00000000c9100000| Untracked 
| 146|0x00000000c9200000, 0x00000000c9200000, 0x00000000c9300000|  0%| F|  |TAMS 0x00000000c9200000| PB 0x00000000c9200000| Untracked 
| 147|0x00000000c9300000, 0x00000000c9300000, 0x00000000c9400000|  0%| F|  |TAMS 0x00000000c9300000| PB 0x00000000c9300000| Untracked 
| 148|0x00000000c9400000, 0x00000000c9400000, 0x00000000c9500000|  0%| F|  |TAMS 0x00000000c9400000| PB 0x00000000c9400000| Untracked 
| 149|0x00000000c9500000, 0x00000000c9500000, 0x00000000c9600000|  0%| F|  |TAMS 0x00000000c9500000| PB 0x00000000c9500000| Untracked 
| 150|0x00000000c9600000, 0x00000000c9600000, 0x00000000c9700000|  0%| F|  |TAMS 0x00000000c9600000| PB 0x00000000c9600000| Untracked 
| 151|0x00000000c9700000, 0x00000000c9700000, 0x00000000c9800000|  0%| F|  |TAMS 0x00000000c9700000| PB 0x00000000c9700000| Untracked 
| 152|0x00000000c9800000, 0x00000000c9800000, 0x00000000c9900000|  0%| F|  |TAMS 0x00000000c9800000| PB 0x00000000c9800000| Untracked 
| 153|0x00000000c9900000, 0x00000000c9900000, 0x00000000c9a00000|  0%| F|  |TAMS 0x00000000c9900000| PB 0x00000000c9900000| Untracked 
| 154|0x00000000c9a00000, 0x00000000c9a00000, 0x00000000c9b00000|  0%| F|  |TAMS 0x00000000c9a00000| PB 0x00000000c9a00000| Untracked 
| 155|0x00000000c9b00000, 0x00000000c9b00000, 0x00000000c9c00000|  0%| F|  |TAMS 0x00000000c9b00000| PB 0x00000000c9b00000| Untracked 
| 156|0x00000000c9c00000, 0x00000000c9c00000, 0x00000000c9d00000|  0%| F|  |TAMS 0x00000000c9c00000| PB 0x00000000c9c00000| Untracked 
| 157|0x00000000c9d00000, 0x00000000c9d00000, 0x00000000c9e00000|  0%| F|  |TAMS 0x00000000c9d00000| PB 0x00000000c9d00000| Untracked 
| 158|0x00000000c9e00000, 0x00000000c9e00000, 0x00000000c9f00000|  0%| F|  |TAMS 0x00000000c9e00000| PB 0x00000000c9e00000| Untracked 
| 159|0x00000000c9f00000, 0x00000000c9f00000, 0x00000000ca000000|  0%| F|  |TAMS 0x00000000c9f00000| PB 0x00000000c9f00000| Untracked 
| 160|0x00000000ca000000, 0x00000000ca000000, 0x00000000ca100000|  0%| F|  |TAMS 0x00000000ca000000| PB 0x00000000ca000000| Untracked 
| 161|0x00000000ca100000, 0x00000000ca100000, 0x00000000ca200000|  0%| F|  |TAMS 0x00000000ca100000| PB 0x00000000ca100000| Untracked 
| 162|0x00000000ca200000, 0x00000000ca200000, 0x00000000ca300000|  0%| F|  |TAMS 0x00000000ca200000| PB 0x00000000ca200000| Untracked 
| 163|0x00000000ca300000, 0x00000000ca300000, 0x00000000ca400000|  0%| F|  |TAMS 0x00000000ca300000| PB 0x00000000ca300000| Untracked 
| 164|0x00000000ca400000, 0x00000000ca400000, 0x00000000ca500000|  0%| F|  |TAMS 0x00000000ca400000| PB 0x00000000ca400000| Untracked 
| 165|0x00000000ca500000, 0x00000000ca500000, 0x00000000ca600000|  0%| F|  |TAMS 0x00000000ca500000| PB 0x00000000ca500000| Untracked 
| 166|0x00000000ca600000, 0x00000000ca600000, 0x00000000ca700000|  0%| F|  |TAMS 0x00000000ca600000| PB 0x00000000ca600000| Untracked 
| 167|0x00000000ca700000, 0x00000000ca700000, 0x00000000ca800000|  0%| F|  |TAMS 0x00000000ca700000| PB 0x00000000ca700000| Untracked 
| 168|0x00000000ca800000, 0x00000000ca800000, 0x00000000ca900000|  0%| F|  |TAMS 0x00000000ca800000| PB 0x00000000ca800000| Untracked 
| 169|0x00000000ca900000, 0x00000000ca900000, 0x00000000caa00000|  0%| F|  |TAMS 0x00000000ca900000| PB 0x00000000ca900000| Untracked 
| 170|0x00000000caa00000, 0x00000000caa00000, 0x00000000cab00000|  0%| F|  |TAMS 0x00000000caa00000| PB 0x00000000caa00000| Untracked 
| 171|0x00000000cab00000, 0x00000000cab00000, 0x00000000cac00000|  0%| F|  |TAMS 0x00000000cab00000| PB 0x00000000cab00000| Untracked 
| 172|0x00000000cac00000, 0x00000000cac00000, 0x00000000cad00000|  0%| F|  |TAMS 0x00000000cac00000| PB 0x00000000cac00000| Untracked 
| 173|0x00000000cad00000, 0x00000000cad00000, 0x00000000cae00000|  0%| F|  |TAMS 0x00000000cad00000| PB 0x00000000cad00000| Untracked 
| 174|0x00000000cae00000, 0x00000000cae00000, 0x00000000caf00000|  0%| F|  |TAMS 0x00000000cae00000| PB 0x00000000cae00000| Untracked 
| 175|0x00000000caf00000, 0x00000000caf00000, 0x00000000cb000000|  0%| F|  |TAMS 0x00000000caf00000| PB 0x00000000caf00000| Untracked 
| 176|0x00000000cb000000, 0x00000000cb000000, 0x00000000cb100000|  0%| F|  |TAMS 0x00000000cb000000| PB 0x00000000cb000000| Untracked 
| 177|0x00000000cb100000, 0x00000000cb100000, 0x00000000cb200000|  0%| F|  |TAMS 0x00000000cb100000| PB 0x00000000cb100000| Untracked 
| 178|0x00000000cb200000, 0x00000000cb200000, 0x00000000cb300000|  0%| F|  |TAMS 0x00000000cb200000| PB 0x00000000cb200000| Untracked 
| 179|0x00000000cb300000, 0x00000000cb300000, 0x00000000cb400000|  0%| F|  |TAMS 0x00000000cb300000| PB 0x00000000cb300000| Untracked 
| 180|0x00000000cb400000, 0x00000000cb400000, 0x00000000cb500000|  0%| F|  |TAMS 0x00000000cb400000| PB 0x00000000cb400000| Untracked 
| 181|0x00000000cb500000, 0x00000000cb500000, 0x00000000cb600000|  0%| F|  |TAMS 0x00000000cb500000| PB 0x00000000cb500000| Untracked 
| 182|0x00000000cb600000, 0x00000000cb600000, 0x00000000cb700000|  0%| F|  |TAMS 0x00000000cb600000| PB 0x00000000cb600000| Untracked 
| 183|0x00000000cb700000, 0x00000000cb700000, 0x00000000cb800000|  0%| F|  |TAMS 0x00000000cb700000| PB 0x00000000cb700000| Untracked 
| 184|0x00000000cb800000, 0x00000000cb800000, 0x00000000cb900000|  0%| F|  |TAMS 0x00000000cb800000| PB 0x00000000cb800000| Untracked 
| 185|0x00000000cb900000, 0x00000000cb900000, 0x00000000cba00000|  0%| F|  |TAMS 0x00000000cb900000| PB 0x00000000cb900000| Untracked 
| 186|0x00000000cba00000, 0x00000000cba00000, 0x00000000cbb00000|  0%| F|  |TAMS 0x00000000cba00000| PB 0x00000000cba00000| Untracked 
| 187|0x00000000cbb00000, 0x00000000cbb00000, 0x00000000cbc00000|  0%| F|  |TAMS 0x00000000cbb00000| PB 0x00000000cbb00000| Untracked 
| 188|0x00000000cbc00000, 0x00000000cbc00000, 0x00000000cbd00000|  0%| F|  |TAMS 0x00000000cbc00000| PB 0x00000000cbc00000| Untracked 
| 189|0x00000000cbd00000, 0x00000000cbd00000, 0x00000000cbe00000|  0%| F|  |TAMS 0x00000000cbd00000| PB 0x00000000cbd00000| Untracked 
| 190|0x00000000cbe00000, 0x00000000cbe00000, 0x00000000cbf00000|  0%| F|  |TAMS 0x00000000cbe00000| PB 0x00000000cbe00000| Untracked 
| 191|0x00000000cbf00000, 0x00000000cbf00000, 0x00000000cc000000|  0%| F|  |TAMS 0x00000000cbf00000| PB 0x00000000cbf00000| Untracked 
| 192|0x00000000cc000000, 0x00000000cc000000, 0x00000000cc100000|  0%| F|  |TAMS 0x00000000cc000000| PB 0x00000000cc000000| Untracked 
| 193|0x00000000cc100000, 0x00000000cc100000, 0x00000000cc200000|  0%| F|  |TAMS 0x00000000cc100000| PB 0x00000000cc100000| Untracked 
| 194|0x00000000cc200000, 0x00000000cc200000, 0x00000000cc300000|  0%| F|  |TAMS 0x00000000cc200000| PB 0x00000000cc200000| Untracked 
| 195|0x00000000cc300000, 0x00000000cc300000, 0x00000000cc400000|  0%| F|  |TAMS 0x00000000cc300000| PB 0x00000000cc300000| Untracked 
| 196|0x00000000cc400000, 0x00000000cc400000, 0x00000000cc500000|  0%| F|  |TAMS 0x00000000cc400000| PB 0x00000000cc400000| Untracked 
| 197|0x00000000cc500000, 0x00000000cc500000, 0x00000000cc600000|  0%| F|  |TAMS 0x00000000cc500000| PB 0x00000000cc500000| Untracked 
| 198|0x00000000cc600000, 0x00000000cc600000, 0x00000000cc700000|  0%| F|  |TAMS 0x00000000cc600000| PB 0x00000000cc600000| Untracked 
| 199|0x00000000cc700000, 0x00000000cc700000, 0x00000000cc800000|  0%| F|  |TAMS 0x00000000cc700000| PB 0x00000000cc700000| Untracked 
| 200|0x00000000cc800000, 0x00000000cc800000, 0x00000000cc900000|  0%| F|  |TAMS 0x00000000cc800000| PB 0x00000000cc800000| Untracked 
| 201|0x00000000cc900000, 0x00000000cc900000, 0x00000000cca00000|  0%| F|  |TAMS 0x00000000cc900000| PB 0x00000000cc900000| Untracked 
| 202|0x00000000cca00000, 0x00000000cca00000, 0x00000000ccb00000|  0%| F|  |TAMS 0x00000000cca00000| PB 0x00000000cca00000| Untracked 
| 203|0x00000000ccb00000, 0x00000000ccb00000, 0x00000000ccc00000|  0%| F|  |TAMS 0x00000000ccb00000| PB 0x00000000ccb00000| Untracked 
| 204|0x00000000ccc00000, 0x00000000ccc00000, 0x00000000ccd00000|  0%| F|  |TAMS 0x00000000ccc00000| PB 0x00000000ccc00000| Untracked 
| 205|0x00000000ccd00000, 0x00000000ccd00000, 0x00000000cce00000|  0%| F|  |TAMS 0x00000000ccd00000| PB 0x00000000ccd00000| Untracked 
| 206|0x00000000cce00000, 0x00000000cce00000, 0x00000000ccf00000|  0%| F|  |TAMS 0x00000000cce00000| PB 0x00000000cce00000| Untracked 
| 207|0x00000000ccf00000, 0x00000000ccf00000, 0x00000000cd000000|  0%| F|  |TAMS 0x00000000ccf00000| PB 0x00000000ccf00000| Untracked 
| 208|0x00000000cd000000, 0x00000000cd000000, 0x00000000cd100000|  0%| F|  |TAMS 0x00000000cd000000| PB 0x00000000cd000000| Untracked 
| 209|0x00000000cd100000, 0x00000000cd100000, 0x00000000cd200000|  0%| F|  |TAMS 0x00000000cd100000| PB 0x00000000cd100000| Untracked 
| 210|0x00000000cd200000, 0x00000000cd200000, 0x00000000cd300000|  0%| F|  |TAMS 0x00000000cd200000| PB 0x00000000cd200000| Untracked 
| 211|0x00000000cd300000, 0x00000000cd300000, 0x00000000cd400000|  0%| F|  |TAMS 0x00000000cd300000| PB 0x00000000cd300000| Untracked 
| 212|0x00000000cd400000, 0x00000000cd400000, 0x00000000cd500000|  0%| F|  |TAMS 0x00000000cd400000| PB 0x00000000cd400000| Untracked 
| 213|0x00000000cd500000, 0x00000000cd500000, 0x00000000cd600000|  0%| F|  |TAMS 0x00000000cd500000| PB 0x00000000cd500000| Untracked 
| 214|0x00000000cd600000, 0x00000000cd600000, 0x00000000cd700000|  0%| F|  |TAMS 0x00000000cd600000| PB 0x00000000cd600000| Untracked 
| 215|0x00000000cd700000, 0x00000000cd700000, 0x00000000cd800000|  0%| F|  |TAMS 0x00000000cd700000| PB 0x00000000cd700000| Untracked 
| 216|0x00000000cd800000, 0x00000000cd800000, 0x00000000cd900000|  0%| F|  |TAMS 0x00000000cd800000| PB 0x00000000cd800000| Untracked 
| 217|0x00000000cd900000, 0x00000000cd900000, 0x00000000cda00000|  0%| F|  |TAMS 0x00000000cd900000| PB 0x00000000cd900000| Untracked 
| 218|0x00000000cda00000, 0x00000000cda00000, 0x00000000cdb00000|  0%| F|  |TAMS 0x00000000cda00000| PB 0x00000000cda00000| Untracked 
| 219|0x00000000cdb00000, 0x00000000cdb00000, 0x00000000cdc00000|  0%| F|  |TAMS 0x00000000cdb00000| PB 0x00000000cdb00000| Untracked 
| 220|0x00000000cdc00000, 0x00000000cdc00000, 0x00000000cdd00000|  0%| F|  |TAMS 0x00000000cdc00000| PB 0x00000000cdc00000| Untracked 
| 221|0x00000000cdd00000, 0x00000000cdd00000, 0x00000000cde00000|  0%| F|  |TAMS 0x00000000cdd00000| PB 0x00000000cdd00000| Untracked 
| 222|0x00000000cde00000, 0x00000000cde00000, 0x00000000cdf00000|  0%| F|  |TAMS 0x00000000cde00000| PB 0x00000000cde00000| Untracked 
| 223|0x00000000cdf00000, 0x00000000cdf00000, 0x00000000ce000000|  0%| F|  |TAMS 0x00000000cdf00000| PB 0x00000000cdf00000| Untracked 
| 224|0x00000000ce000000, 0x00000000ce000000, 0x00000000ce100000|  0%| F|  |TAMS 0x00000000ce000000| PB 0x00000000ce000000| Untracked 
| 225|0x00000000ce100000, 0x00000000ce100000, 0x00000000ce200000|  0%| F|  |TAMS 0x00000000ce100000| PB 0x00000000ce100000| Untracked 
| 226|0x00000000ce200000, 0x00000000ce200000, 0x00000000ce300000|  0%| F|  |TAMS 0x00000000ce200000| PB 0x00000000ce200000| Untracked 
| 227|0x00000000ce300000, 0x00000000ce300000, 0x00000000ce400000|  0%| F|  |TAMS 0x00000000ce300000| PB 0x00000000ce300000| Untracked 
| 228|0x00000000ce400000, 0x00000000ce400000, 0x00000000ce500000|  0%| F|  |TAMS 0x00000000ce400000| PB 0x00000000ce400000| Untracked 
| 229|0x00000000ce500000, 0x00000000ce500000, 0x00000000ce600000|  0%| F|  |TAMS 0x00000000ce500000| PB 0x00000000ce500000| Untracked 
| 230|0x00000000ce600000, 0x00000000ce600000, 0x00000000ce700000|  0%| F|  |TAMS 0x00000000ce600000| PB 0x00000000ce600000| Untracked 
| 231|0x00000000ce700000, 0x00000000ce700000, 0x00000000ce800000|  0%| F|  |TAMS 0x00000000ce700000| PB 0x00000000ce700000| Untracked 
| 232|0x00000000ce800000, 0x00000000ce800000, 0x00000000ce900000|  0%| F|  |TAMS 0x00000000ce800000| PB 0x00000000ce800000| Untracked 
| 233|0x00000000ce900000, 0x00000000ce900000, 0x00000000cea00000|  0%| F|  |TAMS 0x00000000ce900000| PB 0x00000000ce900000| Untracked 
| 234|0x00000000cea00000, 0x00000000cea00000, 0x00000000ceb00000|  0%| F|  |TAMS 0x00000000cea00000| PB 0x00000000cea00000| Untracked 
| 235|0x00000000ceb00000, 0x00000000ceb00000, 0x00000000cec00000|  0%| F|  |TAMS 0x00000000ceb00000| PB 0x00000000ceb00000| Untracked 
| 236|0x00000000cec00000, 0x00000000cec00000, 0x00000000ced00000|  0%| F|  |TAMS 0x00000000cec00000| PB 0x00000000cec00000| Untracked 
| 237|0x00000000ced00000, 0x00000000ced00000, 0x00000000cee00000|  0%| F|  |TAMS 0x00000000ced00000| PB 0x00000000ced00000| Untracked 
| 238|0x00000000cee00000, 0x00000000cee00000, 0x00000000cef00000|  0%| F|  |TAMS 0x00000000cee00000| PB 0x00000000cee00000| Untracked 
| 239|0x00000000cef00000, 0x00000000cef00000, 0x00000000cf000000|  0%| F|  |TAMS 0x00000000cef00000| PB 0x00000000cef00000| Untracked 
| 240|0x00000000cf000000, 0x00000000cf000000, 0x00000000cf100000|  0%| F|  |TAMS 0x00000000cf000000| PB 0x00000000cf000000| Untracked 
| 241|0x00000000cf100000, 0x00000000cf100000, 0x00000000cf200000|  0%| F|  |TAMS 0x00000000cf100000| PB 0x00000000cf100000| Untracked 
| 242|0x00000000cf200000, 0x00000000cf200000, 0x00000000cf300000|  0%| F|  |TAMS 0x00000000cf200000| PB 0x00000000cf200000| Untracked 
| 243|0x00000000cf300000, 0x00000000cf300000, 0x00000000cf400000|  0%| F|  |TAMS 0x00000000cf300000| PB 0x00000000cf300000| Untracked 
| 244|0x00000000cf400000, 0x00000000cf400000, 0x00000000cf500000|  0%| F|  |TAMS 0x00000000cf400000| PB 0x00000000cf400000| Untracked 
| 245|0x00000000cf500000, 0x00000000cf500000, 0x00000000cf600000|  0%| F|  |TAMS 0x00000000cf500000| PB 0x00000000cf500000| Untracked 
| 246|0x00000000cf600000, 0x00000000cf600000, 0x00000000cf700000|  0%| F|  |TAMS 0x00000000cf600000| PB 0x00000000cf600000| Untracked 
| 247|0x00000000cf700000, 0x00000000cf700000, 0x00000000cf800000|  0%| F|  |TAMS 0x00000000cf700000| PB 0x00000000cf700000| Untracked 
| 248|0x00000000cf800000, 0x00000000cf800000, 0x00000000cf900000|  0%| F|  |TAMS 0x00000000cf800000| PB 0x00000000cf800000| Untracked 
| 249|0x00000000cf900000, 0x00000000cf900000, 0x00000000cfa00000|  0%| F|  |TAMS 0x00000000cf900000| PB 0x00000000cf900000| Untracked 
| 250|0x00000000cfa00000, 0x00000000cfa00000, 0x00000000cfb00000|  0%| F|  |TAMS 0x00000000cfa00000| PB 0x00000000cfa00000| Untracked 
| 251|0x00000000cfb00000, 0x00000000cfb00000, 0x00000000cfc00000|  0%| F|  |TAMS 0x00000000cfb00000| PB 0x00000000cfb00000| Untracked 
| 252|0x00000000cfc00000, 0x00000000cfc00000, 0x00000000cfd00000|  0%| F|  |TAMS 0x00000000cfc00000| PB 0x00000000cfc00000| Untracked 
| 253|0x00000000cfd00000, 0x00000000cfd00000, 0x00000000cfe00000|  0%| F|  |TAMS 0x00000000cfd00000| PB 0x00000000cfd00000| Untracked 
| 254|0x00000000cfe00000, 0x00000000cfe00000, 0x00000000cff00000|  0%| F|  |TAMS 0x00000000cfe00000| PB 0x00000000cfe00000| Untracked 
| 255|0x00000000cff00000, 0x00000000cff00000, 0x00000000d0000000|  0%| F|  |TAMS 0x00000000cff00000| PB 0x00000000cff00000| Untracked 
| 256|0x00000000d0000000, 0x00000000d0000000, 0x00000000d0100000|  0%| F|  |TAMS 0x00000000d0000000| PB 0x00000000d0000000| Untracked 
| 257|0x00000000d0100000, 0x00000000d0100000, 0x00000000d0200000|  0%| F|  |TAMS 0x00000000d0100000| PB 0x00000000d0100000| Untracked 
| 258|0x00000000d0200000, 0x00000000d0200000, 0x00000000d0300000|  0%| F|  |TAMS 0x00000000d0200000| PB 0x00000000d0200000| Untracked 
| 259|0x00000000d0300000, 0x00000000d0300000, 0x00000000d0400000|  0%| F|  |TAMS 0x00000000d0300000| PB 0x00000000d0300000| Untracked 
| 260|0x00000000d0400000, 0x00000000d0400000, 0x00000000d0500000|  0%| F|  |TAMS 0x00000000d0400000| PB 0x00000000d0400000| Untracked 
| 261|0x00000000d0500000, 0x00000000d0500000, 0x00000000d0600000|  0%| F|  |TAMS 0x00000000d0500000| PB 0x00000000d0500000| Untracked 
| 262|0x00000000d0600000, 0x00000000d0600000, 0x00000000d0700000|  0%| F|  |TAMS 0x00000000d0600000| PB 0x00000000d0600000| Untracked 
| 263|0x00000000d0700000, 0x00000000d0700000, 0x00000000d0800000|  0%| F|  |TAMS 0x00000000d0700000| PB 0x00000000d0700000| Untracked 
| 264|0x00000000d0800000, 0x00000000d0800000, 0x00000000d0900000|  0%| F|  |TAMS 0x00000000d0800000| PB 0x00000000d0800000| Untracked 
| 265|0x00000000d0900000, 0x00000000d0900000, 0x00000000d0a00000|  0%| F|  |TAMS 0x00000000d0900000| PB 0x00000000d0900000| Untracked 
| 266|0x00000000d0a00000, 0x00000000d0a00000, 0x00000000d0b00000|  0%| F|  |TAMS 0x00000000d0a00000| PB 0x00000000d0a00000| Untracked 
| 267|0x00000000d0b00000, 0x00000000d0b00000, 0x00000000d0c00000|  0%| F|  |TAMS 0x00000000d0b00000| PB 0x00000000d0b00000| Untracked 
| 268|0x00000000d0c00000, 0x00000000d0c00000, 0x00000000d0d00000|  0%| F|  |TAMS 0x00000000d0c00000| PB 0x00000000d0c00000| Untracked 
| 269|0x00000000d0d00000, 0x00000000d0d00000, 0x00000000d0e00000|  0%| F|  |TAMS 0x00000000d0d00000| PB 0x00000000d0d00000| Untracked 
| 270|0x00000000d0e00000, 0x00000000d0e00000, 0x00000000d0f00000|  0%| F|  |TAMS 0x00000000d0e00000| PB 0x00000000d0e00000| Untracked 
| 271|0x00000000d0f00000, 0x00000000d0f00000, 0x00000000d1000000|  0%| F|  |TAMS 0x00000000d0f00000| PB 0x00000000d0f00000| Untracked 
| 272|0x00000000d1000000, 0x00000000d1000000, 0x00000000d1100000|  0%| F|  |TAMS 0x00000000d1000000| PB 0x00000000d1000000| Untracked 
| 273|0x00000000d1100000, 0x00000000d1100000, 0x00000000d1200000|  0%| F|  |TAMS 0x00000000d1100000| PB 0x00000000d1100000| Untracked 
| 274|0x00000000d1200000, 0x00000000d1200000, 0x00000000d1300000|  0%| F|  |TAMS 0x00000000d1200000| PB 0x00000000d1200000| Untracked 
| 275|0x00000000d1300000, 0x00000000d1300000, 0x00000000d1400000|  0%| F|  |TAMS 0x00000000d1300000| PB 0x00000000d1300000| Untracked 
| 276|0x00000000d1400000, 0x00000000d1400000, 0x00000000d1500000|  0%| F|  |TAMS 0x00000000d1400000| PB 0x00000000d1400000| Untracked 
| 277|0x00000000d1500000, 0x00000000d1500000, 0x00000000d1600000|  0%| F|  |TAMS 0x00000000d1500000| PB 0x00000000d1500000| Untracked 
| 278|0x00000000d1600000, 0x00000000d1600000, 0x00000000d1700000|  0%| F|  |TAMS 0x00000000d1600000| PB 0x00000000d1600000| Untracked 
| 279|0x00000000d1700000, 0x00000000d1700000, 0x00000000d1800000|  0%| F|  |TAMS 0x00000000d1700000| PB 0x00000000d1700000| Untracked 
| 280|0x00000000d1800000, 0x00000000d1800000, 0x00000000d1900000|  0%| F|  |TAMS 0x00000000d1800000| PB 0x00000000d1800000| Untracked 
| 281|0x00000000d1900000, 0x00000000d1900000, 0x00000000d1a00000|  0%| F|  |TAMS 0x00000000d1900000| PB 0x00000000d1900000| Untracked 
| 282|0x00000000d1a00000, 0x00000000d1a00000, 0x00000000d1b00000|  0%| F|  |TAMS 0x00000000d1a00000| PB 0x00000000d1a00000| Untracked 
| 283|0x00000000d1b00000, 0x00000000d1b00000, 0x00000000d1c00000|  0%| F|  |TAMS 0x00000000d1b00000| PB 0x00000000d1b00000| Untracked 
| 284|0x00000000d1c00000, 0x00000000d1c00000, 0x00000000d1d00000|  0%| F|  |TAMS 0x00000000d1c00000| PB 0x00000000d1c00000| Untracked 
| 285|0x00000000d1d00000, 0x00000000d1d00000, 0x00000000d1e00000|  0%| F|  |TAMS 0x00000000d1d00000| PB 0x00000000d1d00000| Untracked 
| 286|0x00000000d1e00000, 0x00000000d1e00000, 0x00000000d1f00000|  0%| F|  |TAMS 0x00000000d1e00000| PB 0x00000000d1e00000| Untracked 
| 287|0x00000000d1f00000, 0x00000000d1f00000, 0x00000000d2000000|  0%| F|  |TAMS 0x00000000d1f00000| PB 0x00000000d1f00000| Untracked 
| 288|0x00000000d2000000, 0x00000000d2000000, 0x00000000d2100000|  0%| F|  |TAMS 0x00000000d2000000| PB 0x00000000d2000000| Untracked 
| 289|0x00000000d2100000, 0x00000000d2100000, 0x00000000d2200000|  0%| F|  |TAMS 0x00000000d2100000| PB 0x00000000d2100000| Untracked 
| 290|0x00000000d2200000, 0x00000000d2200000, 0x00000000d2300000|  0%| F|  |TAMS 0x00000000d2200000| PB 0x00000000d2200000| Untracked 
| 291|0x00000000d2300000, 0x00000000d2300000, 0x00000000d2400000|  0%| F|  |TAMS 0x00000000d2300000| PB 0x00000000d2300000| Untracked 
| 292|0x00000000d2400000, 0x00000000d2400000, 0x00000000d2500000|  0%| F|  |TAMS 0x00000000d2400000| PB 0x00000000d2400000| Untracked 
| 293|0x00000000d2500000, 0x00000000d2500000, 0x00000000d2600000|  0%| F|  |TAMS 0x00000000d2500000| PB 0x00000000d2500000| Untracked 
| 294|0x00000000d2600000, 0x00000000d2600000, 0x00000000d2700000|  0%| F|  |TAMS 0x00000000d2600000| PB 0x00000000d2600000| Untracked 
| 295|0x00000000d2700000, 0x00000000d2700000, 0x00000000d2800000|  0%| F|  |TAMS 0x00000000d2700000| PB 0x00000000d2700000| Untracked 
| 296|0x00000000d2800000, 0x00000000d2800000, 0x00000000d2900000|  0%| F|  |TAMS 0x00000000d2800000| PB 0x00000000d2800000| Untracked 
| 297|0x00000000d2900000, 0x00000000d2900000, 0x00000000d2a00000|  0%| F|  |TAMS 0x00000000d2900000| PB 0x00000000d2900000| Untracked 
| 298|0x00000000d2a00000, 0x00000000d2a00000, 0x00000000d2b00000|  0%| F|  |TAMS 0x00000000d2a00000| PB 0x00000000d2a00000| Untracked 
| 299|0x00000000d2b00000, 0x00000000d2b00000, 0x00000000d2c00000|  0%| F|  |TAMS 0x00000000d2b00000| PB 0x00000000d2b00000| Untracked 
| 300|0x00000000d2c00000, 0x00000000d2c00000, 0x00000000d2d00000|  0%| F|  |TAMS 0x00000000d2c00000| PB 0x00000000d2c00000| Untracked 
| 301|0x00000000d2d00000, 0x00000000d2d00000, 0x00000000d2e00000|  0%| F|  |TAMS 0x00000000d2d00000| PB 0x00000000d2d00000| Untracked 
| 302|0x00000000d2e00000, 0x00000000d2e00000, 0x00000000d2f00000|  0%| F|  |TAMS 0x00000000d2e00000| PB 0x00000000d2e00000| Untracked 
| 303|0x00000000d2f00000, 0x00000000d2f00000, 0x00000000d3000000|  0%| F|  |TAMS 0x00000000d2f00000| PB 0x00000000d2f00000| Untracked 
| 304|0x00000000d3000000, 0x00000000d3000000, 0x00000000d3100000|  0%| F|  |TAMS 0x00000000d3000000| PB 0x00000000d3000000| Untracked 
| 305|0x00000000d3100000, 0x00000000d3100000, 0x00000000d3200000|  0%| F|  |TAMS 0x00000000d3100000| PB 0x00000000d3100000| Untracked 
| 306|0x00000000d3200000, 0x00000000d3200000, 0x00000000d3300000|  0%| F|  |TAMS 0x00000000d3200000| PB 0x00000000d3200000| Untracked 
| 307|0x00000000d3300000, 0x00000000d3300000, 0x00000000d3400000|  0%| F|  |TAMS 0x00000000d3300000| PB 0x00000000d3300000| Untracked 
| 308|0x00000000d3400000, 0x00000000d3400000, 0x00000000d3500000|  0%| F|  |TAMS 0x00000000d3400000| PB 0x00000000d3400000| Untracked 
| 309|0x00000000d3500000, 0x00000000d3500000, 0x00000000d3600000|  0%| F|  |TAMS 0x00000000d3500000| PB 0x00000000d3500000| Untracked 
| 310|0x00000000d3600000, 0x00000000d3600000, 0x00000000d3700000|  0%| F|  |TAMS 0x00000000d3600000| PB 0x00000000d3600000| Untracked 
| 311|0x00000000d3700000, 0x00000000d3700000, 0x00000000d3800000|  0%| F|  |TAMS 0x00000000d3700000| PB 0x00000000d3700000| Untracked 
| 312|0x00000000d3800000, 0x00000000d3800000, 0x00000000d3900000|  0%| F|  |TAMS 0x00000000d3800000| PB 0x00000000d3800000| Untracked 
| 313|0x00000000d3900000, 0x00000000d3900000, 0x00000000d3a00000|  0%| F|  |TAMS 0x00000000d3900000| PB 0x00000000d3900000| Untracked 
| 314|0x00000000d3a00000, 0x00000000d3a00000, 0x00000000d3b00000|  0%| F|  |TAMS 0x00000000d3a00000| PB 0x00000000d3a00000| Untracked 
| 315|0x00000000d3b00000, 0x00000000d3b00000, 0x00000000d3c00000|  0%| F|  |TAMS 0x00000000d3b00000| PB 0x00000000d3b00000| Untracked 
| 316|0x00000000d3c00000, 0x00000000d3c00000, 0x00000000d3d00000|  0%| F|  |TAMS 0x00000000d3c00000| PB 0x00000000d3c00000| Untracked 
| 317|0x00000000d3d00000, 0x00000000d3d00000, 0x00000000d3e00000|  0%| F|  |TAMS 0x00000000d3d00000| PB 0x00000000d3d00000| Untracked 
| 318|0x00000000d3e00000, 0x00000000d3e00000, 0x00000000d3f00000|  0%| F|  |TAMS 0x00000000d3e00000| PB 0x00000000d3e00000| Untracked 
| 319|0x00000000d3f00000, 0x00000000d3f00000, 0x00000000d4000000|  0%| F|  |TAMS 0x00000000d3f00000| PB 0x00000000d3f00000| Untracked 
| 320|0x00000000d4000000, 0x00000000d4000000, 0x00000000d4100000|  0%| F|  |TAMS 0x00000000d4000000| PB 0x00000000d4000000| Untracked 
| 321|0x00000000d4100000, 0x00000000d4100000, 0x00000000d4200000|  0%| F|  |TAMS 0x00000000d4100000| PB 0x00000000d4100000| Untracked 
| 322|0x00000000d4200000, 0x00000000d4200000, 0x00000000d4300000|  0%| F|  |TAMS 0x00000000d4200000| PB 0x00000000d4200000| Untracked 
| 323|0x00000000d4300000, 0x00000000d4300000, 0x00000000d4400000|  0%| F|  |TAMS 0x00000000d4300000| PB 0x00000000d4300000| Untracked 
| 324|0x00000000d4400000, 0x00000000d4400000, 0x00000000d4500000|  0%| F|  |TAMS 0x00000000d4400000| PB 0x00000000d4400000| Untracked 
| 325|0x00000000d4500000, 0x00000000d4500000, 0x00000000d4600000|  0%| F|  |TAMS 0x00000000d4500000| PB 0x00000000d4500000| Untracked 
| 326|0x00000000d4600000, 0x00000000d4600000, 0x00000000d4700000|  0%| F|  |TAMS 0x00000000d4600000| PB 0x00000000d4600000| Untracked 
| 327|0x00000000d4700000, 0x00000000d4700000, 0x00000000d4800000|  0%| F|  |TAMS 0x00000000d4700000| PB 0x00000000d4700000| Untracked 
| 328|0x00000000d4800000, 0x00000000d4800000, 0x00000000d4900000|  0%| F|  |TAMS 0x00000000d4800000| PB 0x00000000d4800000| Untracked 
| 329|0x00000000d4900000, 0x00000000d4900000, 0x00000000d4a00000|  0%| F|  |TAMS 0x00000000d4900000| PB 0x00000000d4900000| Untracked 
| 330|0x00000000d4a00000, 0x00000000d4a00000, 0x00000000d4b00000|  0%| F|  |TAMS 0x00000000d4a00000| PB 0x00000000d4a00000| Untracked 
| 331|0x00000000d4b00000, 0x00000000d4b00000, 0x00000000d4c00000|  0%| F|  |TAMS 0x00000000d4b00000| PB 0x00000000d4b00000| Untracked 
| 332|0x00000000d4c00000, 0x00000000d4c00000, 0x00000000d4d00000|  0%| F|  |TAMS 0x00000000d4c00000| PB 0x00000000d4c00000| Untracked 
| 333|0x00000000d4d00000, 0x00000000d4d00000, 0x00000000d4e00000|  0%| F|  |TAMS 0x00000000d4d00000| PB 0x00000000d4d00000| Untracked 
| 334|0x00000000d4e00000, 0x00000000d4e00000, 0x00000000d4f00000|  0%| F|  |TAMS 0x00000000d4e00000| PB 0x00000000d4e00000| Untracked 
| 335|0x00000000d4f00000, 0x00000000d4f00000, 0x00000000d5000000|  0%| F|  |TAMS 0x00000000d4f00000| PB 0x00000000d4f00000| Untracked 
| 336|0x00000000d5000000, 0x00000000d5000000, 0x00000000d5100000|  0%| F|  |TAMS 0x00000000d5000000| PB 0x00000000d5000000| Untracked 
| 337|0x00000000d5100000, 0x00000000d5100000, 0x00000000d5200000|  0%| F|  |TAMS 0x00000000d5100000| PB 0x00000000d5100000| Untracked 
| 338|0x00000000d5200000, 0x00000000d5200000, 0x00000000d5300000|  0%| F|  |TAMS 0x00000000d5200000| PB 0x00000000d5200000| Untracked 
| 339|0x00000000d5300000, 0x00000000d5300000, 0x00000000d5400000|  0%| F|  |TAMS 0x00000000d5300000| PB 0x00000000d5300000| Untracked 
| 340|0x00000000d5400000, 0x00000000d5400000, 0x00000000d5500000|  0%| F|  |TAMS 0x00000000d5400000| PB 0x00000000d5400000| Untracked 
| 341|0x00000000d5500000, 0x00000000d5500000, 0x00000000d5600000|  0%| F|  |TAMS 0x00000000d5500000| PB 0x00000000d5500000| Untracked 
| 342|0x00000000d5600000, 0x00000000d5600000, 0x00000000d5700000|  0%| F|  |TAMS 0x00000000d5600000| PB 0x00000000d5600000| Untracked 
| 343|0x00000000d5700000, 0x00000000d5700000, 0x00000000d5800000|  0%| F|  |TAMS 0x00000000d5700000| PB 0x00000000d5700000| Untracked 
| 344|0x00000000d5800000, 0x00000000d5800000, 0x00000000d5900000|  0%| F|  |TAMS 0x00000000d5800000| PB 0x00000000d5800000| Untracked 
| 345|0x00000000d5900000, 0x00000000d5900000, 0x00000000d5a00000|  0%| F|  |TAMS 0x00000000d5900000| PB 0x00000000d5900000| Untracked 
| 346|0x00000000d5a00000, 0x00000000d5a00000, 0x00000000d5b00000|  0%| F|  |TAMS 0x00000000d5a00000| PB 0x00000000d5a00000| Untracked 
| 347|0x00000000d5b00000, 0x00000000d5b00000, 0x00000000d5c00000|  0%| F|  |TAMS 0x00000000d5b00000| PB 0x00000000d5b00000| Untracked 
| 348|0x00000000d5c00000, 0x00000000d5c00000, 0x00000000d5d00000|  0%| F|  |TAMS 0x00000000d5c00000| PB 0x00000000d5c00000| Untracked 
| 349|0x00000000d5d00000, 0x00000000d5d00000, 0x00000000d5e00000|  0%| F|  |TAMS 0x00000000d5d00000| PB 0x00000000d5d00000| Untracked 
| 350|0x00000000d5e00000, 0x00000000d5e00000, 0x00000000d5f00000|  0%| F|  |TAMS 0x00000000d5e00000| PB 0x00000000d5e00000| Untracked 
| 351|0x00000000d5f00000, 0x00000000d5f00000, 0x00000000d6000000|  0%| F|  |TAMS 0x00000000d5f00000| PB 0x00000000d5f00000| Untracked 
| 352|0x00000000d6000000, 0x00000000d6000000, 0x00000000d6100000|  0%| F|  |TAMS 0x00000000d6000000| PB 0x00000000d6000000| Untracked 
| 353|0x00000000d6100000, 0x00000000d6100000, 0x00000000d6200000|  0%| F|  |TAMS 0x00000000d6100000| PB 0x00000000d6100000| Untracked 
| 354|0x00000000d6200000, 0x00000000d6200000, 0x00000000d6300000|  0%| F|  |TAMS 0x00000000d6200000| PB 0x00000000d6200000| Untracked 
| 355|0x00000000d6300000, 0x00000000d6300000, 0x00000000d6400000|  0%| F|  |TAMS 0x00000000d6300000| PB 0x00000000d6300000| Untracked 
| 356|0x00000000d6400000, 0x00000000d6400000, 0x00000000d6500000|  0%| F|  |TAMS 0x00000000d6400000| PB 0x00000000d6400000| Untracked 
| 357|0x00000000d6500000, 0x00000000d6500000, 0x00000000d6600000|  0%| F|  |TAMS 0x00000000d6500000| PB 0x00000000d6500000| Untracked 
| 358|0x00000000d6600000, 0x00000000d6600000, 0x00000000d6700000|  0%| F|  |TAMS 0x00000000d6600000| PB 0x00000000d6600000| Untracked 
| 359|0x00000000d6700000, 0x00000000d6700000, 0x00000000d6800000|  0%| F|  |TAMS 0x00000000d6700000| PB 0x00000000d6700000| Untracked 
| 360|0x00000000d6800000, 0x00000000d6800000, 0x00000000d6900000|  0%| F|  |TAMS 0x00000000d6800000| PB 0x00000000d6800000| Untracked 
| 361|0x00000000d6900000, 0x00000000d6900000, 0x00000000d6a00000|  0%| F|  |TAMS 0x00000000d6900000| PB 0x00000000d6900000| Untracked 
| 362|0x00000000d6a00000, 0x00000000d6a00000, 0x00000000d6b00000|  0%| F|  |TAMS 0x00000000d6a00000| PB 0x00000000d6a00000| Untracked 
| 363|0x00000000d6b00000, 0x00000000d6b00000, 0x00000000d6c00000|  0%| F|  |TAMS 0x00000000d6b00000| PB 0x00000000d6b00000| Untracked 
| 364|0x00000000d6c00000, 0x00000000d6c00000, 0x00000000d6d00000|  0%| F|  |TAMS 0x00000000d6c00000| PB 0x00000000d6c00000| Untracked 
| 365|0x00000000d6d00000, 0x00000000d6d00000, 0x00000000d6e00000|  0%| F|  |TAMS 0x00000000d6d00000| PB 0x00000000d6d00000| Untracked 
| 366|0x00000000d6e00000, 0x00000000d6e00000, 0x00000000d6f00000|  0%| F|  |TAMS 0x00000000d6e00000| PB 0x00000000d6e00000| Untracked 
| 367|0x00000000d6f00000, 0x00000000d6f00000, 0x00000000d7000000|  0%| F|  |TAMS 0x00000000d6f00000| PB 0x00000000d6f00000| Untracked 
| 368|0x00000000d7000000, 0x00000000d7000000, 0x00000000d7100000|  0%| F|  |TAMS 0x00000000d7000000| PB 0x00000000d7000000| Untracked 
| 369|0x00000000d7100000, 0x00000000d7100000, 0x00000000d7200000|  0%| F|  |TAMS 0x00000000d7100000| PB 0x00000000d7100000| Untracked 
| 370|0x00000000d7200000, 0x00000000d7200000, 0x00000000d7300000|  0%| F|  |TAMS 0x00000000d7200000| PB 0x00000000d7200000| Untracked 
| 371|0x00000000d7300000, 0x00000000d7300000, 0x00000000d7400000|  0%| F|  |TAMS 0x00000000d7300000| PB 0x00000000d7300000| Untracked 
| 372|0x00000000d7400000, 0x00000000d7400000, 0x00000000d7500000|  0%| F|  |TAMS 0x00000000d7400000| PB 0x00000000d7400000| Untracked 
| 373|0x00000000d7500000, 0x00000000d7500000, 0x00000000d7600000|  0%| F|  |TAMS 0x00000000d7500000| PB 0x00000000d7500000| Untracked 
| 374|0x00000000d7600000, 0x00000000d7600000, 0x00000000d7700000|  0%| F|  |TAMS 0x00000000d7600000| PB 0x00000000d7600000| Untracked 
| 375|0x00000000d7700000, 0x00000000d7700000, 0x00000000d7800000|  0%| F|  |TAMS 0x00000000d7700000| PB 0x00000000d7700000| Untracked 
| 376|0x00000000d7800000, 0x00000000d7800000, 0x00000000d7900000|  0%| F|  |TAMS 0x00000000d7800000| PB 0x00000000d7800000| Untracked 
| 377|0x00000000d7900000, 0x00000000d7900000, 0x00000000d7a00000|  0%| F|  |TAMS 0x00000000d7900000| PB 0x00000000d7900000| Untracked 
| 378|0x00000000d7a00000, 0x00000000d7a00000, 0x00000000d7b00000|  0%| F|  |TAMS 0x00000000d7a00000| PB 0x00000000d7a00000| Untracked 
| 379|0x00000000d7b00000, 0x00000000d7b00000, 0x00000000d7c00000|  0%| F|  |TAMS 0x00000000d7b00000| PB 0x00000000d7b00000| Untracked 
| 380|0x00000000d7c00000, 0x00000000d7c00000, 0x00000000d7d00000|  0%| F|  |TAMS 0x00000000d7c00000| PB 0x00000000d7c00000| Untracked 
| 381|0x00000000d7d00000, 0x00000000d7d00000, 0x00000000d7e00000|  0%| F|  |TAMS 0x00000000d7d00000| PB 0x00000000d7d00000| Untracked 
| 382|0x00000000d7e00000, 0x00000000d7e00000, 0x00000000d7f00000|  0%| F|  |TAMS 0x00000000d7e00000| PB 0x00000000d7e00000| Untracked 
| 383|0x00000000d7f00000, 0x00000000d7f00000, 0x00000000d8000000|  0%| F|  |TAMS 0x00000000d7f00000| PB 0x00000000d7f00000| Untracked 
| 384|0x00000000d8000000, 0x00000000d8000000, 0x00000000d8100000|  0%| F|  |TAMS 0x00000000d8000000| PB 0x00000000d8000000| Untracked 
| 385|0x00000000d8100000, 0x00000000d8100000, 0x00000000d8200000|  0%| F|  |TAMS 0x00000000d8100000| PB 0x00000000d8100000| Untracked 
| 386|0x00000000d8200000, 0x00000000d8200000, 0x00000000d8300000|  0%| F|  |TAMS 0x00000000d8200000| PB 0x00000000d8200000| Untracked 
| 387|0x00000000d8300000, 0x00000000d8300000, 0x00000000d8400000|  0%| F|  |TAMS 0x00000000d8300000| PB 0x00000000d8300000| Untracked 
| 388|0x00000000d8400000, 0x00000000d8400000, 0x00000000d8500000|  0%| F|  |TAMS 0x00000000d8400000| PB 0x00000000d8400000| Untracked 
| 389|0x00000000d8500000, 0x00000000d8500000, 0x00000000d8600000|  0%| F|  |TAMS 0x00000000d8500000| PB 0x00000000d8500000| Untracked 
| 390|0x00000000d8600000, 0x00000000d8600000, 0x00000000d8700000|  0%| F|  |TAMS 0x00000000d8600000| PB 0x00000000d8600000| Untracked 
| 391|0x00000000d8700000, 0x00000000d8700000, 0x00000000d8800000|  0%| F|  |TAMS 0x00000000d8700000| PB 0x00000000d8700000| Untracked 
| 392|0x00000000d8800000, 0x00000000d8800000, 0x00000000d8900000|  0%| F|  |TAMS 0x00000000d8800000| PB 0x00000000d8800000| Untracked 
| 393|0x00000000d8900000, 0x00000000d8900000, 0x00000000d8a00000|  0%| F|  |TAMS 0x00000000d8900000| PB 0x00000000d8900000| Untracked 
| 394|0x00000000d8a00000, 0x00000000d8a00000, 0x00000000d8b00000|  0%| F|  |TAMS 0x00000000d8a00000| PB 0x00000000d8a00000| Untracked 
| 395|0x00000000d8b00000, 0x00000000d8b00000, 0x00000000d8c00000|  0%| F|  |TAMS 0x00000000d8b00000| PB 0x00000000d8b00000| Untracked 
| 396|0x00000000d8c00000, 0x00000000d8c00000, 0x00000000d8d00000|  0%| F|  |TAMS 0x00000000d8c00000| PB 0x00000000d8c00000| Untracked 
| 397|0x00000000d8d00000, 0x00000000d8d00000, 0x00000000d8e00000|  0%| F|  |TAMS 0x00000000d8d00000| PB 0x00000000d8d00000| Untracked 
| 398|0x00000000d8e00000, 0x00000000d8e00000, 0x00000000d8f00000|  0%| F|  |TAMS 0x00000000d8e00000| PB 0x00000000d8e00000| Untracked 
| 399|0x00000000d8f00000, 0x00000000d8f00000, 0x00000000d9000000|  0%| F|  |TAMS 0x00000000d8f00000| PB 0x00000000d8f00000| Untracked 
| 400|0x00000000d9000000, 0x00000000d9000000, 0x00000000d9100000|  0%| F|  |TAMS 0x00000000d9000000| PB 0x00000000d9000000| Untracked 
| 401|0x00000000d9100000, 0x00000000d9100000, 0x00000000d9200000|  0%| F|  |TAMS 0x00000000d9100000| PB 0x00000000d9100000| Untracked 
| 402|0x00000000d9200000, 0x00000000d9200000, 0x00000000d9300000|  0%| F|  |TAMS 0x00000000d9200000| PB 0x00000000d9200000| Untracked 
| 403|0x00000000d9300000, 0x00000000d9300000, 0x00000000d9400000|  0%| F|  |TAMS 0x00000000d9300000| PB 0x00000000d9300000| Untracked 
| 404|0x00000000d9400000, 0x00000000d9400000, 0x00000000d9500000|  0%| F|  |TAMS 0x00000000d9400000| PB 0x00000000d9400000| Untracked 
| 405|0x00000000d9500000, 0x00000000d9500000, 0x00000000d9600000|  0%| F|  |TAMS 0x00000000d9500000| PB 0x00000000d9500000| Untracked 
| 406|0x00000000d9600000, 0x00000000d9600000, 0x00000000d9700000|  0%| F|  |TAMS 0x00000000d9600000| PB 0x00000000d9600000| Untracked 
| 407|0x00000000d9700000, 0x00000000d9700000, 0x00000000d9800000|  0%| F|  |TAMS 0x00000000d9700000| PB 0x00000000d9700000| Untracked 
| 408|0x00000000d9800000, 0x00000000d9800000, 0x00000000d9900000|  0%| F|  |TAMS 0x00000000d9800000| PB 0x00000000d9800000| Untracked 
| 409|0x00000000d9900000, 0x00000000d9900000, 0x00000000d9a00000|  0%| F|  |TAMS 0x00000000d9900000| PB 0x00000000d9900000| Untracked 
| 410|0x00000000d9a00000, 0x00000000d9a00000, 0x00000000d9b00000|  0%| F|  |TAMS 0x00000000d9a00000| PB 0x00000000d9a00000| Untracked 
| 411|0x00000000d9b00000, 0x00000000d9b00000, 0x00000000d9c00000|  0%| F|  |TAMS 0x00000000d9b00000| PB 0x00000000d9b00000| Untracked 
| 412|0x00000000d9c00000, 0x00000000d9c00000, 0x00000000d9d00000|  0%| F|  |TAMS 0x00000000d9c00000| PB 0x00000000d9c00000| Untracked 
| 413|0x00000000d9d00000, 0x00000000d9d00000, 0x00000000d9e00000|  0%| F|  |TAMS 0x00000000d9d00000| PB 0x00000000d9d00000| Untracked 
| 414|0x00000000d9e00000, 0x00000000d9e00000, 0x00000000d9f00000|  0%| F|  |TAMS 0x00000000d9e00000| PB 0x00000000d9e00000| Untracked 
| 415|0x00000000d9f00000, 0x00000000d9f00000, 0x00000000da000000|  0%| F|  |TAMS 0x00000000d9f00000| PB 0x00000000d9f00000| Untracked 
| 416|0x00000000da000000, 0x00000000da000000, 0x00000000da100000|  0%| F|  |TAMS 0x00000000da000000| PB 0x00000000da000000| Untracked 
| 417|0x00000000da100000, 0x00000000da100000, 0x00000000da200000|  0%| F|  |TAMS 0x00000000da100000| PB 0x00000000da100000| Untracked 
| 418|0x00000000da200000, 0x00000000da200000, 0x00000000da300000|  0%| F|  |TAMS 0x00000000da200000| PB 0x00000000da200000| Untracked 
| 419|0x00000000da300000, 0x00000000da300000, 0x00000000da400000|  0%| F|  |TAMS 0x00000000da300000| PB 0x00000000da300000| Untracked 
| 420|0x00000000da400000, 0x00000000da400000, 0x00000000da500000|  0%| F|  |TAMS 0x00000000da400000| PB 0x00000000da400000| Untracked 
| 421|0x00000000da500000, 0x00000000da500000, 0x00000000da600000|  0%| F|  |TAMS 0x00000000da500000| PB 0x00000000da500000| Untracked 
| 422|0x00000000da600000, 0x00000000da600000, 0x00000000da700000|  0%| F|  |TAMS 0x00000000da600000| PB 0x00000000da600000| Untracked 
| 423|0x00000000da700000, 0x00000000da700000, 0x00000000da800000|  0%| F|  |TAMS 0x00000000da700000| PB 0x00000000da700000| Untracked 
| 424|0x00000000da800000, 0x00000000da800000, 0x00000000da900000|  0%| F|  |TAMS 0x00000000da800000| PB 0x00000000da800000| Untracked 
| 425|0x00000000da900000, 0x00000000da900000, 0x00000000daa00000|  0%| F|  |TAMS 0x00000000da900000| PB 0x00000000da900000| Untracked 
| 426|0x00000000daa00000, 0x00000000daa00000, 0x00000000dab00000|  0%| F|  |TAMS 0x00000000daa00000| PB 0x00000000daa00000| Untracked 
| 427|0x00000000dab00000, 0x00000000dab00000, 0x00000000dac00000|  0%| F|  |TAMS 0x00000000dab00000| PB 0x00000000dab00000| Untracked 
| 428|0x00000000dac00000, 0x00000000dac00000, 0x00000000dad00000|  0%| F|  |TAMS 0x00000000dac00000| PB 0x00000000dac00000| Untracked 
| 429|0x00000000dad00000, 0x00000000dad00000, 0x00000000dae00000|  0%| F|  |TAMS 0x00000000dad00000| PB 0x00000000dad00000| Untracked 
| 430|0x00000000dae00000, 0x00000000dae00000, 0x00000000daf00000|  0%| F|  |TAMS 0x00000000dae00000| PB 0x00000000dae00000| Untracked 
| 431|0x00000000daf00000, 0x00000000daf00000, 0x00000000db000000|  0%| F|  |TAMS 0x00000000daf00000| PB 0x00000000daf00000| Untracked 
| 432|0x00000000db000000, 0x00000000db000000, 0x00000000db100000|  0%| F|  |TAMS 0x00000000db000000| PB 0x00000000db000000| Untracked 
| 433|0x00000000db100000, 0x00000000db100000, 0x00000000db200000|  0%| F|  |TAMS 0x00000000db100000| PB 0x00000000db100000| Untracked 
| 434|0x00000000db200000, 0x00000000db200000, 0x00000000db300000|  0%| F|  |TAMS 0x00000000db200000| PB 0x00000000db200000| Untracked 
| 435|0x00000000db300000, 0x00000000db300000, 0x00000000db400000|  0%| F|  |TAMS 0x00000000db300000| PB 0x00000000db300000| Untracked 
| 436|0x00000000db400000, 0x00000000db400000, 0x00000000db500000|  0%| F|  |TAMS 0x00000000db400000| PB 0x00000000db400000| Untracked 
| 437|0x00000000db500000, 0x00000000db500000, 0x00000000db600000|  0%| F|  |TAMS 0x00000000db500000| PB 0x00000000db500000| Untracked 
| 438|0x00000000db600000, 0x00000000db600000, 0x00000000db700000|  0%| F|  |TAMS 0x00000000db600000| PB 0x00000000db600000| Untracked 
| 439|0x00000000db700000, 0x00000000db700000, 0x00000000db800000|  0%| F|  |TAMS 0x00000000db700000| PB 0x00000000db700000| Untracked 
| 440|0x00000000db800000, 0x00000000db800000, 0x00000000db900000|  0%| F|  |TAMS 0x00000000db800000| PB 0x00000000db800000| Untracked 
| 441|0x00000000db900000, 0x00000000db900000, 0x00000000dba00000|  0%| F|  |TAMS 0x00000000db900000| PB 0x00000000db900000| Untracked 
| 442|0x00000000dba00000, 0x00000000dba00000, 0x00000000dbb00000|  0%| F|  |TAMS 0x00000000dba00000| PB 0x00000000dba00000| Untracked 
| 443|0x00000000dbb00000, 0x00000000dbb00000, 0x00000000dbc00000|  0%| F|  |TAMS 0x00000000dbb00000| PB 0x00000000dbb00000| Untracked 
| 444|0x00000000dbc00000, 0x00000000dbc00000, 0x00000000dbd00000|  0%| F|  |TAMS 0x00000000dbc00000| PB 0x00000000dbc00000| Untracked 
| 445|0x00000000dbd00000, 0x00000000dbd00000, 0x00000000dbe00000|  0%| F|  |TAMS 0x00000000dbd00000| PB 0x00000000dbd00000| Untracked 
| 446|0x00000000dbe00000, 0x00000000dbe00000, 0x00000000dbf00000|  0%| F|  |TAMS 0x00000000dbe00000| PB 0x00000000dbe00000| Untracked 
| 447|0x00000000dbf00000, 0x00000000dbf00000, 0x00000000dc000000|  0%| F|  |TAMS 0x00000000dbf00000| PB 0x00000000dbf00000| Untracked 
| 448|0x00000000dc000000, 0x00000000dc000000, 0x00000000dc100000|  0%| F|  |TAMS 0x00000000dc000000| PB 0x00000000dc000000| Untracked 
| 449|0x00000000dc100000, 0x00000000dc100000, 0x00000000dc200000|  0%| F|  |TAMS 0x00000000dc100000| PB 0x00000000dc100000| Untracked 
| 450|0x00000000dc200000, 0x00000000dc200000, 0x00000000dc300000|  0%| F|  |TAMS 0x00000000dc200000| PB 0x00000000dc200000| Untracked 
| 451|0x00000000dc300000, 0x00000000dc300000, 0x00000000dc400000|  0%| F|  |TAMS 0x00000000dc300000| PB 0x00000000dc300000| Untracked 
| 452|0x00000000dc400000, 0x00000000dc400000, 0x00000000dc500000|  0%| F|  |TAMS 0x00000000dc400000| PB 0x00000000dc400000| Untracked 
| 453|0x00000000dc500000, 0x00000000dc500000, 0x00000000dc600000|  0%| F|  |TAMS 0x00000000dc500000| PB 0x00000000dc500000| Untracked 
| 454|0x00000000dc600000, 0x00000000dc600000, 0x00000000dc700000|  0%| F|  |TAMS 0x00000000dc600000| PB 0x00000000dc600000| Untracked 
| 455|0x00000000dc700000, 0x00000000dc700000, 0x00000000dc800000|  0%| F|  |TAMS 0x00000000dc700000| PB 0x00000000dc700000| Untracked 
| 456|0x00000000dc800000, 0x00000000dc800000, 0x00000000dc900000|  0%| F|  |TAMS 0x00000000dc800000| PB 0x00000000dc800000| Untracked 
| 457|0x00000000dc900000, 0x00000000dc900000, 0x00000000dca00000|  0%| F|  |TAMS 0x00000000dc900000| PB 0x00000000dc900000| Untracked 
| 458|0x00000000dca00000, 0x00000000dca96e18, 0x00000000dcb00000| 58%| E|  |TAMS 0x00000000dca00000| PB 0x00000000dca00000| Complete 
| 459|0x00000000dcb00000, 0x00000000dcc00000, 0x00000000dcc00000|100%| E|CS|TAMS 0x00000000dcb00000| PB 0x00000000dcb00000| Complete 
| 460|0x00000000dcc00000, 0x00000000dcd00000, 0x00000000dcd00000|100%| E|CS|TAMS 0x00000000dcc00000| PB 0x00000000dcc00000| Complete 
| 461|0x00000000dcd00000, 0x00000000dce00000, 0x00000000dce00000|100%| E|CS|TAMS 0x00000000dcd00000| PB 0x00000000dcd00000| Complete 
| 462|0x00000000dce00000, 0x00000000dcf00000, 0x00000000dcf00000|100%| E|CS|TAMS 0x00000000dce00000| PB 0x00000000dce00000| Complete 
| 463|0x00000000dcf00000, 0x00000000dd000000, 0x00000000dd000000|100%| E|CS|TAMS 0x00000000dcf00000| PB 0x00000000dcf00000| Complete 
| 464|0x00000000dd000000, 0x00000000dd100000, 0x00000000dd100000|100%| E|CS|TAMS 0x00000000dd000000| PB 0x00000000dd000000| Complete 
| 465|0x00000000dd100000, 0x00000000dd200000, 0x00000000dd200000|100%| E|CS|TAMS 0x00000000dd100000| PB 0x00000000dd100000| Complete 
| 466|0x00000000dd200000, 0x00000000dd300000, 0x00000000dd300000|100%| E|CS|TAMS 0x00000000dd200000| PB 0x00000000dd200000| Complete 
| 467|0x00000000dd300000, 0x00000000dd400000, 0x00000000dd400000|100%| E|CS|TAMS 0x00000000dd300000| PB 0x00000000dd300000| Complete 
| 468|0x00000000dd400000, 0x00000000dd500000, 0x00000000dd500000|100%| E|CS|TAMS 0x00000000dd400000| PB 0x00000000dd400000| Complete 
| 469|0x00000000dd500000, 0x00000000dd600000, 0x00000000dd600000|100%| E|CS|TAMS 0x00000000dd500000| PB 0x00000000dd500000| Complete 
| 470|0x00000000dd600000, 0x00000000dd700000, 0x00000000dd700000|100%| E|CS|TAMS 0x00000000dd600000| PB 0x00000000dd600000| Complete 
| 471|0x00000000dd700000, 0x00000000dd800000, 0x00000000dd800000|100%| E|CS|TAMS 0x00000000dd700000| PB 0x00000000dd700000| Complete 
| 472|0x00000000dd800000, 0x00000000dd900000, 0x00000000dd900000|100%| E|CS|TAMS 0x00000000dd800000| PB 0x00000000dd800000| Complete 
| 473|0x00000000dd900000, 0x00000000dda00000, 0x00000000dda00000|100%| E|CS|TAMS 0x00000000dd900000| PB 0x00000000dd900000| Complete 
| 474|0x00000000dda00000, 0x00000000ddb00000, 0x00000000ddb00000|100%| E|CS|TAMS 0x00000000dda00000| PB 0x00000000dda00000| Complete 
| 475|0x00000000ddb00000, 0x00000000ddc00000, 0x00000000ddc00000|100%| E|CS|TAMS 0x00000000ddb00000| PB 0x00000000ddb00000| Complete 
| 476|0x00000000ddc00000, 0x00000000ddd00000, 0x00000000ddd00000|100%| E|CS|TAMS 0x00000000ddc00000| PB 0x00000000ddc00000| Complete 
| 477|0x00000000ddd00000, 0x00000000dde00000, 0x00000000dde00000|100%| E|CS|TAMS 0x00000000ddd00000| PB 0x00000000ddd00000| Complete 
| 478|0x00000000dde00000, 0x00000000ddf00000, 0x00000000ddf00000|100%| E|CS|TAMS 0x00000000dde00000| PB 0x00000000dde00000| Complete 
| 479|0x00000000ddf00000, 0x00000000de000000, 0x00000000de000000|100%| E|CS|TAMS 0x00000000ddf00000| PB 0x00000000ddf00000| Complete 
| 480|0x00000000de000000, 0x00000000de100000, 0x00000000de100000|100%| E|CS|TAMS 0x00000000de000000| PB 0x00000000de000000| Complete 
| 481|0x00000000de100000, 0x00000000de180000, 0x00000000de200000| 50%| S|CS|TAMS 0x00000000de100000| PB 0x00000000de100000| Complete 
| 482|0x00000000de200000, 0x00000000de300000, 0x00000000de300000|100%| S|CS|TAMS 0x00000000de200000| PB 0x00000000de200000| Complete 
| 483|0x00000000de300000, 0x00000000de400000, 0x00000000de400000|100%| S|CS|TAMS 0x00000000de300000| PB 0x00000000de300000| Complete 
| 484|0x00000000de400000, 0x00000000de500000, 0x00000000de500000|100%| S|CS|TAMS 0x00000000de400000| PB 0x00000000de400000| Complete 
| 485|0x00000000de500000, 0x00000000de600000, 0x00000000de600000|100%| S|CS|TAMS 0x00000000de500000| PB 0x00000000de500000| Complete 
| 486|0x00000000de600000, 0x00000000de700000, 0x00000000de700000|100%| S|CS|TAMS 0x00000000de600000| PB 0x00000000de600000| Complete 
| 487|0x00000000de700000, 0x00000000de800000, 0x00000000de800000|100%| E|CS|TAMS 0x00000000de700000| PB 0x00000000de700000| Complete 
| 488|0x00000000de800000, 0x00000000de900000, 0x00000000de900000|100%| E|CS|TAMS 0x00000000de800000| PB 0x00000000de800000| Complete 
| 489|0x00000000de900000, 0x00000000dea00000, 0x00000000dea00000|100%| E|CS|TAMS 0x00000000de900000| PB 0x00000000de900000| Complete 
| 490|0x00000000dea00000, 0x00000000deb00000, 0x00000000deb00000|100%| E|CS|TAMS 0x00000000dea00000| PB 0x00000000dea00000| Complete 
| 491|0x00000000deb00000, 0x00000000dec00000, 0x00000000dec00000|100%| E|CS|TAMS 0x00000000deb00000| PB 0x00000000deb00000| Complete 
| 492|0x00000000dec00000, 0x00000000ded00000, 0x00000000ded00000|100%| E|CS|TAMS 0x00000000dec00000| PB 0x00000000dec00000| Complete 
| 493|0x00000000ded00000, 0x00000000dee00000, 0x00000000dee00000|100%| E|CS|TAMS 0x00000000ded00000| PB 0x00000000ded00000| Complete 
| 494|0x00000000dee00000, 0x00000000def00000, 0x00000000def00000|100%| E|CS|TAMS 0x00000000dee00000| PB 0x00000000dee00000| Complete 
| 495|0x00000000def00000, 0x00000000df000000, 0x00000000df000000|100%| E|CS|TAMS 0x00000000def00000| PB 0x00000000def00000| Complete 
| 496|0x00000000df000000, 0x00000000df100000, 0x00000000df100000|100%| E|CS|TAMS 0x00000000df000000| PB 0x00000000df000000| Complete 
| 497|0x00000000df100000, 0x00000000df200000, 0x00000000df200000|100%| E|CS|TAMS 0x00000000df100000| PB 0x00000000df100000| Complete 
| 498|0x00000000df200000, 0x00000000df300000, 0x00000000df300000|100%| E|CS|TAMS 0x00000000df200000| PB 0x00000000df200000| Complete 
| 499|0x00000000df300000, 0x00000000df400000, 0x00000000df400000|100%| E|CS|TAMS 0x00000000df300000| PB 0x00000000df300000| Complete 
| 500|0x00000000df400000, 0x00000000df500000, 0x00000000df500000|100%| E|CS|TAMS 0x00000000df400000| PB 0x00000000df400000| Complete 
| 501|0x00000000df500000, 0x00000000df600000, 0x00000000df600000|100%| E|CS|TAMS 0x00000000df500000| PB 0x00000000df500000| Complete 
| 502|0x00000000df600000, 0x00000000df700000, 0x00000000df700000|100%| E|CS|TAMS 0x00000000df600000| PB 0x00000000df600000| Complete 
| 503|0x00000000df700000, 0x00000000df800000, 0x00000000df800000|100%| E|CS|TAMS 0x00000000df700000| PB 0x00000000df700000| Complete 
| 504|0x00000000df800000, 0x00000000df900000, 0x00000000df900000|100%| E|CS|TAMS 0x00000000df800000| PB 0x00000000df800000| Complete 
| 505|0x00000000df900000, 0x00000000dfa00000, 0x00000000dfa00000|100%| E|CS|TAMS 0x00000000df900000| PB 0x00000000df900000| Complete 
| 506|0x00000000dfa00000, 0x00000000dfb00000, 0x00000000dfb00000|100%| E|CS|TAMS 0x00000000dfa00000| PB 0x00000000dfa00000| Complete 
| 507|0x00000000dfb00000, 0x00000000dfc00000, 0x00000000dfc00000|100%| E|CS|TAMS 0x00000000dfb00000| PB 0x00000000dfb00000| Complete 
| 508|0x00000000dfc00000, 0x00000000dfd00000, 0x00000000dfd00000|100%| E|CS|TAMS 0x00000000dfc00000| PB 0x00000000dfc00000| Complete 
| 509|0x00000000dfd00000, 0x00000000dfe00000, 0x00000000dfe00000|100%| E|CS|TAMS 0x00000000dfd00000| PB 0x00000000dfd00000| Complete 
| 510|0x00000000dfe00000, 0x00000000dff00000, 0x00000000dff00000|100%| E|CS|TAMS 0x00000000dfe00000| PB 0x00000000dfe00000| Complete 
| 511|0x00000000dff00000, 0x00000000e0000000, 0x00000000e0000000|100%| E|CS|TAMS 0x00000000dff00000| PB 0x00000000dff00000| Complete 

Card table byte_map: [0x00000240c74f0000,0x00000240c76f0000] _byte_map_base: 0x00000240c6ef0000

Marking Bits: (CMBitMap*) 0x00000240ada256a0
 Bits: [0x00000240c76f0000, 0x00000240c86f0000)

Polling page: 0x00000240adab0000

Metaspace:

Usage:
  Non-class:     52.33 MB used.
      Class:      9.00 MB used.
       Both:     61.34 MB used.

Virtual space:
  Non-class space:       64.00 MB reserved,      53.56 MB ( 84%) committed,  1 nodes.
      Class space:        1.00 GB reserved,      10.12 MB ( <1%) committed,  1 nodes.
             Both:        1.06 GB reserved,      63.69 MB (  6%) committed. 

Chunk freelists:
   Non-Class:  10.23 MB
       Class:  5.83 MB
        Both:  16.06 MB

MaxMetaspaceSize: unlimited
CompressedClassSpaceSize: 1.00 GB
Initial GC threshold: 21.00 MB
Current GC threshold: 99.81 MB
CDS: on
 - commit_granule_bytes: 65536.
 - commit_granule_words: 8192.
 - virtual_space_node_default_size: 8388608.
 - enlarge_chunks_in_place: 1.
 - use_allocation_guard: 0.


Internal statistics:

num_allocs_failed_limit: 15.
num_arena_births: 4146.
num_arena_deaths: 0.
num_vsnodes_births: 2.
num_vsnodes_deaths: 0.
num_space_committed: 1019.
num_space_uncommitted: 0.
num_chunks_returned_to_freelist: 15.
num_chunks_taken_from_freelist: 7447.
num_chunk_merges: 12.
num_chunk_splits: 4732.
num_chunks_enlarged: 2765.
num_inconsistent_stats: 0.

CodeHeap 'non-profiled nmethods': size=120000Kb used=5333Kb max_used=5333Kb free=114666Kb
 bounds [0x00000240bf120000, 0x00000240bf660000, 0x00000240c6650000]
CodeHeap 'profiled nmethods': size=120000Kb used=15966Kb max_used=15966Kb free=104033Kb
 bounds [0x00000240b7650000, 0x00000240b85f0000, 0x00000240beb80000]
CodeHeap 'non-nmethods': size=5760Kb used=2798Kb max_used=2849Kb free=2961Kb
 bounds [0x00000240beb80000, 0x00000240bee60000, 0x00000240bf120000]
 total_blobs=9196 nmethods=8283 adapters=817
 compilation: enabled
              stopped_count=0, restarted_count=0
 full_count=0

Compilation events (20 events):
Event: 552.550 Thread 0x00000240cb52a9a0 8929       3       org.gradle.internal.io.StreamByteBuffer$StreamByteBufferChunk::write (32 bytes)
Event: 552.551 Thread 0x00000240cb52a9a0 nmethod 8929 0x00000240b85dc090 code [0x00000240b85dc240, 0x00000240b85dc3f0]
Event: 552.551 Thread 0x00000240cb52a9a0 8930       3       org.gradle.internal.io.LineBufferingOutputStream::endsWithLineSeparator (27 bytes)
Event: 552.551 Thread 0x00000240cb52a9a0 nmethod 8930 0x00000240b85dc510 code [0x00000240b85dc6c0, 0x00000240b85dc868]
Event: 552.551 Thread 0x00000240cb52a9a0 8927       3       org.gradle.internal.io.StreamByteBuffer$StreamByteBufferOutputStream::write (22 bytes)
Event: 552.555 Thread 0x00000240cb52a9a0 nmethod 8927 0x00000240b85dc910 code [0x00000240b85dcae0, 0x00000240b85dcca8]
Event: 552.555 Thread 0x00000240cb52a9a0 8932       3       org.gradle.internal.logging.console.StyledTextOutputBackedRenderer$OutputEventTextOutputImpl::doLineText (17 bytes)
Event: 552.558 Thread 0x00000240cb52a9a0 nmethod 8932 0x00000240b85dce10 code [0x00000240b85dcfe0, 0x00000240b85dd410]
Event: 552.558 Thread 0x00000240cb52a9a0 8928       3       org.gradle.internal.logging.text.AbstractStyledTextOutput::style (20 bytes)
Event: 552.560 Thread 0x00000240cb52a9a0 nmethod 8928 0x00000240b85dd590 code [0x00000240b85dd740, 0x00000240b85dd9b0]
Event: 552.561 Thread 0x00000240cb52a9a0 8933       3       sun.nio.cs.UTF_8$Decoder::decodeLoop (28 bytes)
Event: 552.565 Thread 0x00000240cb52a9a0 nmethod 8933 0x00000240b85dda90 code [0x00000240b85ddc80, 0x00000240b85de070]
Event: 552.565 Thread 0x00000240cb52a9a0 8934       3       sun.nio.cs.UTF_8$Decoder::decodeArrayLoop (688 bytes)
Event: 552.584 Thread 0x00000240cb52a9a0 nmethod 8934 0x00000240b85de210 code [0x00000240b85deaa0, 0x00000240b85e3b68]
Event: 552.584 Thread 0x00000240cb52a9a0 8935       3       java.lang.System$2::decodeASCII (11 bytes)
Event: 552.584 Thread 0x00000240cb52a9a0 nmethod 8935 0x00000240b85e5290 code [0x00000240b85e5440, 0x00000240b85e5588]
Event: 552.584 Thread 0x00000240cb52a9a0 8936       3       java.lang.String::decodeASCII (46 bytes)
Event: 552.585 Thread 0x00000240cb52a9a0 nmethod 8936 0x00000240b85e5690 code [0x00000240b85e5860, 0x00000240b85e5b18]
Event: 552.585 Thread 0x00000240cb52a9a0 8937       3       sun.nio.cs.UTF_8$Decoder::xflow (31 bytes)
Event: 552.585 Thread 0x00000240cb52a9a0 nmethod 8937 0x00000240b85e5c90 code [0x00000240b85e5e80, 0x00000240b85e63e0]

GC Heap History (16 events):
Event: 0.569 GC heap before
{Heap before GC invocations=0 (full 0):
 garbage-first heap   total 524288K, used 28672K [0x00000000c0000000, 0x0000000100000000)
  region size 1024K, 25 young (25600K), 0 survivors (0K)
 Metaspace       used 3254K, committed 3392K, reserved 1114112K
  class space    used 397K, committed 448K, reserved 1048576K
}
Event: 0.573 GC heap after
{Heap after GC invocations=1 (full 0):
 garbage-first heap   total 524288K, used 11167K [0x00000000c0000000, 0x0000000100000000)
  region size 1024K, 4 young (4096K), 4 survivors (4096K)
 Metaspace       used 3254K, committed 3392K, reserved 1114112K
  class space    used 397K, committed 448K, reserved 1048576K
}
Event: 0.918 GC heap before
{Heap before GC invocations=1 (full 0):
 garbage-first heap   total 524288K, used 42911K [0x00000000c0000000, 0x0000000100000000)
  region size 1024K, 33 young (33792K), 4 survivors (4096K)
 Metaspace       used 4648K, committed 4864K, reserved 1114112K
  class space    used 573K, committed 704K, reserved 1048576K
}
Event: 0.922 GC heap after
{Heap after GC invocations=2 (full 0):
 garbage-first heap   total 524288K, used 16729K [0x00000000c0000000, 0x0000000100000000)
  region size 1024K, 5 young (5120K), 5 survivors (5120K)
 Metaspace       used 4648K, committed 4864K, reserved 1114112K
  class space    used 573K, committed 704K, reserved 1048576K
}
Event: 2.533 GC heap before
{Heap before GC invocations=2 (full 0):
 garbage-first heap   total 524288K, used 119129K [0x00000000c0000000, 0x0000000100000000)
  region size 1024K, 104 young (106496K), 5 survivors (5120K)
 Metaspace       used 20862K, committed 21504K, reserved 1114112K
  class space    used 2808K, committed 3136K, reserved 1048576K
}
Event: 2.541 GC heap after
{Heap after GC invocations=3 (full 0):
 garbage-first heap   total 524288K, used 23375K [0x00000000c0000000, 0x0000000100000000)
  region size 1024K, 12 young (12288K), 12 survivors (12288K)
 Metaspace       used 20862K, committed 21504K, reserved 1114112K
  class space    used 2808K, committed 3136K, reserved 1048576K
}
Event: 3.771 GC heap before
{Heap before GC invocations=4 (full 0):
 garbage-first heap   total 524288K, used 125775K [0x00000000c0000000, 0x0000000100000000)
  region size 1024K, 114 young (116736K), 12 survivors (12288K)
 Metaspace       used 34659K, committed 35968K, reserved 1114112K
  class space    used 4838K, committed 5504K, reserved 1048576K
}
Event: 3.784 GC heap after
{Heap after GC invocations=5 (full 0):
 garbage-first heap   total 524288K, used 29440K [0x00000000c0000000, 0x0000000100000000)
  region size 1024K, 17 young (17408K), 17 survivors (17408K)
 Metaspace       used 34659K, committed 35968K, reserved 1114112K
  class space    used 4838K, committed 5504K, reserved 1048576K
}
Event: 3.812 GC heap before
{Heap before GC invocations=5 (full 0):
 garbage-first heap   total 524288K, used 32512K [0x00000000c0000000, 0x0000000100000000)
  region size 1024K, 21 young (21504K), 17 survivors (17408K)
 Metaspace       used 34956K, committed 36288K, reserved 1114112K
  class space    used 4879K, committed 5568K, reserved 1048576K
}
Event: 3.821 GC heap after
{Heap after GC invocations=6 (full 0):
 garbage-first heap   total 524288K, used 30181K [0x00000000c0000000, 0x0000000100000000)
  region size 1024K, 18 young (18432K), 18 survivors (18432K)
 Metaspace       used 34956K, committed 36288K, reserved 1114112K
  class space    used 4879K, committed 5568K, reserved 1048576K
}
Event: 3.840 GC heap before
{Heap before GC invocations=6 (full 0):
 garbage-first heap   total 524288K, used 32229K [0x00000000c0000000, 0x0000000100000000)
  region size 1024K, 21 young (21504K), 18 survivors (18432K)
 Metaspace       used 35252K, committed 36608K, reserved 1114112K
  class space    used 4925K, committed 5632K, reserved 1048576K
}
Event: 3.848 GC heap after
{Heap after GC invocations=7 (full 0):
 garbage-first heap   total 524288K, used 29669K [0x00000000c0000000, 0x0000000100000000)
  region size 1024K, 18 young (18432K), 18 survivors (18432K)
 Metaspace       used 35252K, committed 36608K, reserved 1114112K
  class space    used 4925K, committed 5632K, reserved 1048576K
}
Event: 7.616 GC heap before
{Heap before GC invocations=8 (full 0):
 garbage-first heap   total 524288K, used 336869K [0x00000000c0000000, 0x0000000100000000)
  region size 1024K, 307 young (314368K), 18 survivors (18432K)
 Metaspace       used 58018K, committed 60288K, reserved 1114112K
  class space    used 8453K, committed 9600K, reserved 1048576K
}
Event: 7.638 GC heap after
{Heap after GC invocations=9 (full 0):
 garbage-first heap   total 524288K, used 60870K [0x00000000c0000000, 0x0000000100000000)
  region size 1024K, 39 young (39936K), 39 survivors (39936K)
 Metaspace       used 58018K, committed 60288K, reserved 1114112K
  class space    used 8453K, committed 9600K, reserved 1048576K
}
Event: 7.910 GC heap before
{Heap before GC invocations=9 (full 0):
 garbage-first heap   total 524288K, used 85446K [0x00000000c0000000, 0x0000000100000000)
  region size 1024K, 64 young (65536K), 39 survivors (39936K)
 Metaspace       used 58895K, committed 61120K, reserved 1114112K
  class space    used 8580K, committed 9664K, reserved 1048576K
}
Event: 7.933 GC heap after
{Heap after GC invocations=10 (full 0):
 garbage-first heap   total 524288K, used 68699K [0x00000000c0000000, 0x0000000100000000)
  region size 1024K, 6 young (6144K), 6 survivors (6144K)
 Metaspace       used 58895K, committed 61120K, reserved 1114112K
  class space    used 8580K, committed 9664K, reserved 1048576K
}

Dll operation events (15 events):
Event: 0.010 Loaded shared library C:\Program Files\Java\jdk-21\bin\java.dll
Event: 0.037 Loaded shared library C:\Program Files\Java\jdk-21\bin\jsvml.dll
Event: 0.064 Loaded shared library C:\Program Files\Java\jdk-21\bin\zip.dll
Event: 0.068 Loaded shared library C:\Program Files\Java\jdk-21\bin\instrument.dll
Event: 0.071 Loaded shared library C:\Program Files\Java\jdk-21\bin\net.dll
Event: 0.072 Loaded shared library C:\Program Files\Java\jdk-21\bin\nio.dll
Event: 0.074 Loaded shared library C:\Program Files\Java\jdk-21\bin\zip.dll
Event: 0.217 Loaded shared library C:\Program Files\Java\jdk-21\bin\jimage.dll
Event: 0.418 Loaded shared library C:\Program Files\Java\jdk-21\bin\verify.dll
Event: 0.445 Loaded shared library C:\Users\jojot\.gradle\native\660c5614fbf4a5f2a75b1949f50a0caf5cd603558e7d8a26e50b933a0cfb79d1\windows-amd64\native-platform.dll
Event: 0.457 Loaded shared library C:\Users\jojot\.gradle\native\0.2.8\x86_64-windows-gnu\gradle-fileevents.dll
Event: 1.175 Loaded shared library C:\Program Files\Java\jdk-21\bin\management.dll
Event: 1.177 Loaded shared library C:\Program Files\Java\jdk-21\bin\management_ext.dll
Event: 1.300 Loaded shared library C:\Program Files\Java\jdk-21\bin\extnet.dll
Event: 1.510 Loaded shared library C:\Program Files\Java\jdk-21\bin\sunmscapi.dll

Deoptimization events (20 events):
Event: 8.478 Thread 0x0000024113ef2cf0 Uncommon trap: trap_request=0xffffff45 fr.pc=0x00000240bf447100 relative=0x0000000000000500
Event: 8.478 Thread 0x0000024113ef2cf0 Uncommon trap: reason=unstable_if action=reinterpret pc=0x00000240bf447100 method=sun.security.provider.DigestBase.engineUpdate([BII)V @ 1 c2
Event: 8.478 Thread 0x0000024113ef2cf0 DEOPT PACKING pc=0x00000240bf447100 sp=0x000000a7e53fb820
Event: 8.478 Thread 0x0000024113ef2cf0 DEOPT UNPACKING pc=0x00000240bebd46a2 sp=0x000000a7e53fb7d8 mode 2
Event: 8.517 Thread 0x0000024113ef2cf0 DEOPT PACKING pc=0x00000240b82a1e66 sp=0x000000a7e53f9600
Event: 8.517 Thread 0x0000024113ef2cf0 DEOPT UNPACKING pc=0x00000240bebd4e42 sp=0x000000a7e53f8b80 mode 0
Event: 8.991 Thread 0x0000024113ef2cf0 DEOPT PACKING pc=0x00000240b8519097 sp=0x000000a7e53f9520
Event: 8.991 Thread 0x0000024113ef2cf0 DEOPT UNPACKING pc=0x00000240bebd4e42 sp=0x000000a7e53f8940 mode 0
Event: 9.292 Thread 0x000002411717cd50 Uncommon trap: trap_request=0xffffff45 fr.pc=0x00000240bf56766c relative=0x000000000000028c
Event: 9.292 Thread 0x000002411717cd50 Uncommon trap: reason=unstable_if action=reinterpret pc=0x00000240bf56766c method=com.esotericsoftware.kryo.io.Output.writeString(Ljava/lang/CharSequence;)V @ 50 c2
Event: 9.292 Thread 0x000002411717cd50 DEOPT PACKING pc=0x00000240bf56766c sp=0x000000a7e5ffe460
Event: 9.292 Thread 0x000002411717cd50 DEOPT UNPACKING pc=0x00000240bebd46a2 sp=0x000000a7e5ffe3e0 mode 2
Event: 9.293 Thread 0x000002411717cd50 DEOPT PACKING pc=0x00000240b8557281 sp=0x000000a7e5ffdec0
Event: 9.293 Thread 0x000002411717cd50 DEOPT UNPACKING pc=0x00000240bebd4e42 sp=0x000000a7e5ffd360 mode 0
Event: 9.293 Thread 0x000002411717cd50 Uncommon trap: trap_request=0xffffff45 fr.pc=0x00000240bf623638 relative=0x00000000000003b8
Event: 9.293 Thread 0x000002411717cd50 Uncommon trap: reason=unstable_if action=reinterpret pc=0x00000240bf623638 method=java.io.BufferedOutputStream.implWrite([BII)V @ 5 c2
Event: 9.293 Thread 0x000002411717cd50 DEOPT PACKING pc=0x00000240bf623638 sp=0x000000a7e5ffe450
Event: 9.293 Thread 0x000002411717cd50 DEOPT UNPACKING pc=0x00000240bebd46a2 sp=0x000000a7e5ffe338 mode 2
Event: 151.450 Thread 0x00000241124b77a0 DEOPT PACKING pc=0x00000240b7a26572 sp=0x000000a7e28fe570
Event: 151.453 Thread 0x00000241124b77a0 DEOPT UNPACKING pc=0x00000240bebd4e42 sp=0x000000a7e28fda30 mode 0

Classes loaded (20 events):
Event: 9.336 Loading class jdk/internal/logger/LazyLoggers
Event: 9.337 Loading class jdk/internal/logger/LazyLoggers done
Event: 9.337 Loading class jdk/internal/logger/LazyLoggers$1
Event: 9.337 Loading class jdk/internal/logger/LazyLoggers$1 done
Event: 9.337 Loading class jdk/internal/logger/LazyLoggers$LazyLoggerFactories
Event: 9.337 Loading class jdk/internal/logger/LazyLoggers$LazyLoggerFactories done
Event: 9.337 Loading class jdk/internal/logger/LoggerFinderLoader
Event: 9.337 Loading class jdk/internal/logger/LoggerFinderLoader done
Event: 9.337 Loading class jdk/internal/logger/LoggerFinderLoader$TemporaryLoggerFinder
Event: 9.337 Loading class jdk/internal/logger/LoggerFinderLoader$TemporaryLoggerFinder done
Event: 9.337 Loading class sun/util/logging/internal/LoggingProviderImpl$JULWrapper
Event: 9.338 Loading class sun/util/logging/PlatformLogger$ConfigurableBridge$LoggerConfiguration
Event: 9.338 Loading class sun/util/logging/PlatformLogger$ConfigurableBridge$LoggerConfiguration done
Event: 9.338 Loading class sun/util/logging/internal/LoggingProviderImpl$JULWrapper done
Event: 11.441 Loading class java/util/concurrent/LinkedBlockingDeque$Itr
Event: 11.444 Loading class java/util/concurrent/LinkedBlockingDeque$AbstractItr
Event: 11.446 Loading class java/util/concurrent/LinkedBlockingDeque$AbstractItr done
Event: 11.446 Loading class java/util/concurrent/LinkedBlockingDeque$Itr done
Event: 38.203 Loading class java/time/Instant$1
Event: 38.203 Loading class java/time/Instant$1 done

Classes unloaded (0 events):
No events

Classes redefined (0 events):
No events

Internal exceptions (20 events):
Event: 8.016 Thread 0x0000024112870dd0 Exception <a 'java/lang/NoSuchMethodError'{0x00000000dfb8d768}: 'java.lang.Object java.lang.invoke.DirectMethodHandle$Holder.newInvokeSpecial(java.lang.Object, double)'> (0x00000000dfb8d768) 
thrown [s\open\src\hotspot\share\interpreter\linkResolver.cpp, line 773]
Event: 8.016 Thread 0x0000024112870dd0 Exception <a 'java/lang/NoSuchMethodError'{0x00000000dfb95438}: 'double java.lang.invoke.DelegatingMethodHandle$Holder.reinvoke_L(java.lang.Object, java.lang.Object)'> (0x00000000dfb95438) 
thrown [s\open\src\hotspot\share\interpreter\linkResolver.cpp, line 773]
Event: 8.030 Thread 0x0000024112870dd0 Exception <a 'java/lang/ClassNotFoundException'{0x00000000dfa64158}: org/gradle/api/internal/file/collections/DefaultConfigurableFileTreeBeanInfo> (0x00000000dfa64158) 
thrown [s\open\src\hotspot\share\classfile\systemDictionary.cpp, line 312]
Event: 8.031 Thread 0x0000024112870dd0 Exception <a 'java/lang/ClassNotFoundException'{0x00000000dfa6ff30}: org/gradle/api/internal/file/collections/DefaultConfigurableFileTreeCustomizer> (0x00000000dfa6ff30) 
thrown [s\open\src\hotspot\share\classfile\systemDictionary.cpp, line 312]
Event: 8.117 Thread 0x0000024112870dd0 Exception <a 'java/lang/IncompatibleClassChangeError'{0x00000000df865198}: Found class java.lang.Object, but interface was expected> (0x00000000df865198) 
thrown [s\open\src\hotspot\share\interpreter\linkResolver.cpp, line 840]
Event: 8.173 Thread 0x0000024112870dd0 Exception <a 'java/lang/NoSuchMethodError'{0x00000000df7237c8}: 'int java.lang.invoke.DirectMethodHandle$Holder.invokeSpecial(java.lang.Object, java.lang.Object, int, java.lang.Object)'> (0x00000000df7237c8) 
thrown [s\open\src\hotspot\share\interpreter\linkResolver.cpp, line 773]
Event: 8.200 Thread 0x0000024113ef2cf0 Exception <a 'java/lang/NoSuchMethodError'{0x00000000df54fd98}: 'java.lang.Object java.lang.invoke.DirectMethodHandle$Holder.newInvokeSpecial(java.lang.Object, java.lang.Object, int, java.lang.Object, java.lang.Object)'> (0x00000000df54fd98) 
thrown [s\open\src\hotspot\share\interpreter\linkResolver.cpp, line 773]
Event: 8.201 Thread 0x0000024113ef2cf0 Exception <a 'java/lang/NoSuchMethodError'{0x00000000df553780}: 'java.lang.Object java.lang.invoke.Invokers$Holder.linkToTargetMethod(java.lang.Object, int, java.lang.Object, java.lang.Object, java.lang.Object)'> (0x00000000df553780) 
thrown [s\open\src\hotspot\share\interpreter\linkResolver.cpp, line 773]
Event: 8.290 Thread 0x0000024113ef2cf0 Exception <a 'java/lang/IncompatibleClassChangeError'{0x00000000dea2a368}: Found class java.lang.Object, but interface was expected> (0x00000000dea2a368) 
thrown [s\open\src\hotspot\share\interpreter\linkResolver.cpp, line 840]
Event: 8.297 Thread 0x0000024113ef2cf0 Exception <a 'java/lang/NoSuchMethodError'{0x00000000dea51440}: static Ljava/lang/Object;.<clinit>()V> (0x00000000dea51440) 
thrown [s\open\src\hotspot\share\prims\jni.cpp, line 1111]
Event: 8.323 Thread 0x0000024113ef2cf0 Exception <a 'java/lang/NoSuchMethodError'{0x00000000de87a420}: 'int java.lang.invoke.DirectMethodHandle$Holder.invokeStaticInit(java.lang.Object, java.lang.Object, java.lang.Object, java.lang.Object, java.lang.Object)'> (0x00000000de87a420) 
thrown [s\open\src\hotspot\share\interpreter\linkResolver.cpp, line 773]
Event: 8.349 Thread 0x0000024113ef2cf0 Exception <a 'sun/nio/fs/WindowsException'{0x00000000de7f5d50}> (0x00000000de7f5d50) 
thrown [s\open\src\hotspot\share\prims\jni.cpp, line 520]
Event: 8.350 Thread 0x0000024113ef2cf0 Exception <a 'sun/nio/fs/WindowsException'{0x00000000de7fe6f0}> (0x00000000de7fe6f0) 
thrown [s\open\src\hotspot\share\prims\jni.cpp, line 520]
Event: 8.358 Thread 0x0000024113ef2cf0 Exception <a 'sun/nio/fs/WindowsException'{0x00000000de0edbc0}> (0x00000000de0edbc0) 
thrown [s\open\src\hotspot\share\prims\jni.cpp, line 520]
Event: 8.362 Thread 0x0000024113eede30 Exception <a 'java/lang/ClassNotFoundException'{0x00000000ddf7e3c8}: ru/vyarus/gradle/plugin/python/service/EnvService$Inject_BeanInfo> (0x00000000ddf7e3c8) 
thrown [s\open\src\hotspot\share\classfile\systemDictionary.cpp, line 312]
Event: 8.363 Thread 0x0000024113eede30 Exception <a 'java/lang/ClassNotFoundException'{0x00000000ddf82d30}: ru/vyarus/gradle/plugin/python/service/EnvServiceBeanInfo> (0x00000000ddf82d30) 
thrown [s\open\src\hotspot\share\classfile\systemDictionary.cpp, line 312]
Event: 8.363 Thread 0x0000024113eede30 Exception <a 'java/lang/ClassNotFoundException'{0x00000000ddfe8d78}: ru/vyarus/gradle/plugin/python/service/EnvServiceCustomizer> (0x00000000ddfe8d78) 
thrown [s\open\src\hotspot\share\classfile\systemDictionary.cpp, line 312]
Event: 8.363 Thread 0x0000024113eede30 Exception <a 'java/lang/ClassNotFoundException'{0x00000000ddff7558}: ru/vyarus/gradle/plugin/python/service/EnvService$Inject_Customizer> (0x00000000ddff7558) 
thrown [s\open\src\hotspot\share\classfile\systemDictionary.cpp, line 312]
Event: 9.333 Thread 0x000002411717d3e0 Exception <a 'java/lang/NoSuchMethodError'{0x00000000dd4d79c8}: 'void java.lang.invoke.DirectMethodHandle$Holder.invokeStatic(java.lang.Object, long)'> (0x00000000dd4d79c8) 
thrown [s\open\src\hotspot\share\interpreter\linkResolver.cpp, line 773]
Event: 9.334 Thread 0x000002411717d3e0 Exception <a 'java/lang/NoSuchMethodError'{0x00000000dd4e1d30}: 'java.lang.Object java.lang.invoke.DirectMethodHandle$Holder.invokeStaticInit(java.lang.Object, long, java.lang.Object)'> (0x00000000dd4e1d30) 
thrown [s\open\src\hotspot\share\interpreter\linkResolver.cpp, line 773]

ZGC Phase Switch (0 events):
No events

VM Operations (20 events):
Event: 309.158 Executing VM operation: Cleanup
Event: 309.158 Executing VM operation: Cleanup done
Event: 370.677 Executing VM operation: Cleanup
Event: 370.677 Executing VM operation: Cleanup done
Event: 381.739 Executing VM operation: Cleanup
Event: 381.739 Executing VM operation: Cleanup done
Event: 393.837 Executing VM operation: Cleanup
Event: 393.837 Executing VM operation: Cleanup done
Event: 422.073 Executing VM operation: Cleanup
Event: 422.073 Executing VM operation: Cleanup done
Event: 488.638 Executing VM operation: Cleanup
Event: 488.639 Executing VM operation: Cleanup done
Event: 521.973 Executing VM operation: Cleanup
Event: 521.984 Executing VM operation: Cleanup done
Event: 532.097 Executing VM operation: Cleanup
Event: 532.098 Executing VM operation: Cleanup done
Event: 537.153 Executing VM operation: Cleanup
Event: 537.154 Executing VM operation: Cleanup done
Event: 553.318 Executing VM operation: Cleanup
Event: 553.318 Executing VM operation: Cleanup done

Events (20 events):
Event: 7.956 Thread 0x00000240cb3d7970 flushing nmethod 0x00000240b7d6ba10
Event: 7.956 Thread 0x00000240cb3d7970 flushing nmethod 0x00000240b7d73b10
Event: 8.192 Thread 0x0000024113ef2cf0 Thread added: 0x0000024113ef2cf0
Event: 8.203 Thread 0x0000024113eef870 Thread added: 0x0000024113eef870
Event: 8.203 Thread 0x00000241183ff410 Thread added: 0x00000241183ff410
Event: 8.203 Thread 0x0000024118400130 Thread added: 0x0000024118400130
Event: 8.203 Thread 0x0000024118400e50 Thread added: 0x0000024118400e50
Event: 8.203 Thread 0x00000241184014e0 Thread added: 0x00000241184014e0
Event: 8.203 Thread 0x00000241183fe060 Thread added: 0x00000241183fe060
Event: 8.204 Thread 0x00000241183ffaa0 Thread added: 0x00000241183ffaa0
Event: 8.204 Thread 0x00000241184007c0 Thread added: 0x00000241184007c0
Event: 8.204 Thread 0x00000241183fe6f0 Thread added: 0x00000241183fe6f0
Event: 8.205 Thread 0x00000241183fed80 Thread added: 0x00000241183fed80
Event: 8.205 Thread 0x000002411717b310 Thread added: 0x000002411717b310
Event: 8.229 Thread 0x000002411717cd50 Thread added: 0x000002411717cd50
Event: 8.364 Thread 0x00000240cb7a9e60 Thread exited: 0x00000240cb7a9e60
Event: 8.642 Thread 0x000002411106de00 Thread exited: 0x000002411106de00
Event: 9.315 Thread 0x000002411717d3e0 Thread added: 0x000002411717d3e0
Event: 9.338 Thread 0x000002411717da70 Thread added: 0x000002411717da70
Event: 9.338 Thread 0x000002411717e100 Thread added: 0x000002411717e100


Dynamic libraries:
0x00007ff6621c0000 - 0x00007ff6621d0000 	C:\Program Files\Java\jdk-21\bin\java.exe
0x00007ffa94120000 - 0x00007ffa94387000 	C:\Windows\SYSTEM32\ntdll.dll
0x00007ffa93b70000 - 0x00007ffa93c39000 	C:\Windows\System32\KERNEL32.DLL
0x00007ffa919e0000 - 0x00007ffa91dd7000 	C:\Windows\System32\KERNELBASE.dll
0x00007ffa90c10000 - 0x00007ffa90d5b000 	C:\Windows\System32\ucrtbase.dll
0x00007ffa7fca0000 - 0x00007ffa7fcbb000 	C:\Program Files\Java\jdk-21\bin\VCRUNTIME140.dll
0x00007ffa89060000 - 0x00007ffa89079000 	C:\Program Files\Java\jdk-21\bin\jli.dll
0x00007ffa93db0000 - 0x00007ffa93e66000 	C:\Windows\System32\ADVAPI32.dll
0x00007ffa92af0000 - 0x00007ffa92b99000 	C:\Windows\System32\msvcrt.dll
0x00007ffa92a40000 - 0x00007ffa92ae7000 	C:\Windows\System32\sechost.dll
0x00007ffa93f70000 - 0x00007ffa94088000 	C:\Windows\System32\RPCRT4.dll
0x00007ffa92870000 - 0x00007ffa92a36000 	C:\Windows\System32\USER32.dll
0x00007ffa90b50000 - 0x00007ffa90b77000 	C:\Windows\System32\win32u.dll
0x00007ffa70890000 - 0x00007ffa70b22000 	C:\Windows\WinSxS\amd64_microsoft.windows.common-controls_6595b64144ccf1df_6.0.26100.8457_none_3e0b2faee331e92d\COMCTL32.dll
0x00007ffa92cc0000 - 0x00007ffa92ceb000 	C:\Windows\System32\GDI32.dll
0x00007ffa91730000 - 0x00007ffa9185c000 	C:\Windows\System32\gdi32full.dll
0x00007ffa91680000 - 0x00007ffa91723000 	C:\Windows\System32\msvcp_win.dll
0x00007ffa79e20000 - 0x00007ffa79e2b000 	C:\Windows\SYSTEM32\VERSION.dll
0x00007ffa92c80000 - 0x00007ffa92cb2000 	C:\Windows\System32\IMM32.DLL
0x00007ffa7fbd0000 - 0x00007ffa7fbdc000 	C:\Program Files\Java\jdk-21\bin\vcruntime140_1.dll
0x00007ffa777e0000 - 0x00007ffa7786e000 	C:\Program Files\Java\jdk-21\bin\msvcp140.dll
0x00007ffa10790000 - 0x00007ffa114ad000 	C:\Program Files\Java\jdk-21\bin\server\jvm.dll
0x00007ffa92160000 - 0x00007ffa921e0000 	C:\Windows\System32\WS2_32.dll
0x00007ffa90900000 - 0x00007ffa9095e000 	C:\Windows\SYSTEM32\POWRPROF.dll
0x00007ffa8b500000 - 0x00007ffa8b536000 	C:\Windows\SYSTEM32\WINMM.dll
0x00007ffa908e0000 - 0x00007ffa908f4000 	C:\Windows\SYSTEM32\UMPDC.dll
0x00007ffa8f840000 - 0x00007ffa8f85b000 	C:\Windows\SYSTEM32\kernel.appcore.dll
0x00007ffa7fbc0000 - 0x00007ffa7fbca000 	C:\Program Files\Java\jdk-21\bin\jimage.dll
0x00007ffa8ea10000 - 0x00007ffa8ec52000 	C:\Windows\SYSTEM32\DBGHELP.DLL
0x00007ffa92cf0000 - 0x00007ffa93073000 	C:\Windows\System32\combase.dll
0x00007ffa92ba0000 - 0x00007ffa92c79000 	C:\Windows\System32\OLEAUT32.dll
0x00007ffa8af10000 - 0x00007ffa8af4b000 	C:\Windows\SYSTEM32\dbgcore.DLL
0x00007ffa915d0000 - 0x00007ffa91678000 	C:\Windows\System32\bcryptPrimitives.dll
0x00007ffa77ae0000 - 0x00007ffa77aef000 	C:\Program Files\Java\jdk-21\bin\instrument.dll
0x00007ffa7fb90000 - 0x00007ffa7fbaf000 	C:\Program Files\Java\jdk-21\bin\java.dll
0x00007ffa93390000 - 0x00007ffa93afe000 	C:\Windows\System32\SHELL32.dll
0x00007ffa90d60000 - 0x00007ffa915cc000 	C:\Windows\System32\windows.storage.dll
0x00007ffa93cb0000 - 0x00007ffa93da6000 	C:\Windows\System32\SHCORE.dll
0x00007ffa93c40000 - 0x00007ffa93ca6000 	C:\Windows\System32\shlwapi.dll
0x00007ffa90a70000 - 0x00007ffa90a99000 	C:\Windows\SYSTEM32\profapi.dll
0x00007ffa2eae0000 - 0x00007ffa2ebb7000 	C:\Program Files\Java\jdk-21\bin\jsvml.dll
0x00007ffa7ca50000 - 0x00007ffa7ca68000 	C:\Program Files\Java\jdk-21\bin\zip.dll
0x00007ffa7dc60000 - 0x00007ffa7dc70000 	C:\Program Files\Java\jdk-21\bin\net.dll
0x00007ffa7f2b0000 - 0x00007ffa7f3d9000 	C:\Windows\SYSTEM32\WINHTTP.dll
0x00007ffa8fe50000 - 0x00007ffa8febc000 	C:\Windows\system32\mswsock.dll
0x00007ffa7cb00000 - 0x00007ffa7cb16000 	C:\Program Files\Java\jdk-21\bin\nio.dll
0x00007ffa77af0000 - 0x00007ffa77b00000 	C:\Program Files\Java\jdk-21\bin\verify.dll
0x00007ffa7bdb0000 - 0x00007ffa7bdd7000 	C:\Users\jojot\.gradle\native\660c5614fbf4a5f2a75b1949f50a0caf5cd603558e7d8a26e50b933a0cfb79d1\windows-amd64\native-platform.dll
0x00007ffa76030000 - 0x00007ffa760a7000 	C:\Users\jojot\.gradle\native\0.2.8\x86_64-windows-gnu\gradle-fileevents.dll
0x00007ffa7caf0000 - 0x00007ffa7cafa000 	C:\Program Files\Java\jdk-21\bin\management.dll
0x00007ffa7bd40000 - 0x00007ffa7bd4b000 	C:\Program Files\Java\jdk-21\bin\management_ext.dll
0x00007ffa91ef0000 - 0x00007ffa91ef8000 	C:\Windows\System32\PSAPI.DLL
0x00007ffa8f360000 - 0x00007ffa8f392000 	C:\Windows\SYSTEM32\IPHLPAPI.DLL
0x00007ffa92150000 - 0x00007ffa9215a000 	C:\Windows\System32\NSI.dll
0x00007ffa7bd30000 - 0x00007ffa7bd39000 	C:\Program Files\Java\jdk-21\bin\extnet.dll
0x00007ffa90130000 - 0x00007ffa9014b000 	C:\Windows\SYSTEM32\CRYPTSP.dll
0x00007ffa8f860000 - 0x00007ffa8f899000 	C:\Windows\system32\rsaenh.dll
0x00007ffa8ff00000 - 0x00007ffa8ff33000 	C:\Windows\SYSTEM32\USERENV.dll
0x00007ffa90a40000 - 0x00007ffa90a6a000 	C:\Windows\SYSTEM32\bcrypt.dll
0x00007ffa90150000 - 0x00007ffa9015c000 	C:\Windows\SYSTEM32\CRYPTBASE.dll
0x00007ffa77900000 - 0x00007ffa7790e000 	C:\Program Files\Java\jdk-21\bin\sunmscapi.dll
0x00007ffa91860000 - 0x00007ffa919d8000 	C:\Windows\System32\CRYPT32.dll
0x00007ffa90350000 - 0x00007ffa90380000 	C:\Windows\SYSTEM32\ncrypt.dll
0x00007ffa90300000 - 0x00007ffa9033f000 	C:\Windows\SYSTEM32\NTASN1.dll
0x00007ffa717d0000 - 0x00007ffa717d8000 	C:\Windows\system32\wshunix.dll

dbghelp: loaded successfully - version: 4.0.5 - missing functions: none
symbol engine: initialized successfully - sym options: 0x614 - pdb path: .;C:\Program Files\Java\jdk-21\bin;C:\Windows\SYSTEM32;C:\Windows\WinSxS\amd64_microsoft.windows.common-controls_6595b64144ccf1df_6.0.26100.8457_none_3e0b2faee331e92d;C:\Program Files\Java\jdk-21\bin\server;C:\Users\jojot\.gradle\native\660c5614fbf4a5f2a75b1949f50a0caf5cd603558e7d8a26e50b933a0cfb79d1\windows-amd64;C:\Users\jojot\.gradle\native\0.2.8\x86_64-windows-gnu

VM Arguments:
jvm_args: --add-opens=java.base/java.lang=ALL-UNNAMED --add-opens=java.base/java.lang.invoke=ALL-UNNAMED --add-opens=java.base/java.util=ALL-UNNAMED --add-opens=java.prefs/java.util.prefs=ALL-UNNAMED --add-exports=jdk.compiler/com.sun.tools.javac.api=ALL-UNNAMED --add-exports=jdk.compiler/com.sun.tools.javac.util=ALL-UNNAMED --add-opens=java.base/java.util=ALL-UNNAMED --add-opens=java.prefs/java.util.prefs=ALL-UNNAMED --add-opens=java.base/java.nio.charset=ALL-UNNAMED --add-opens=java.base/java.net=ALL-UNNAMED --add-opens=java.base/java.util.concurrent=ALL-UNNAMED --add-opens=java.base/java.util.concurrent.atomic=ALL-UNNAMED --add-opens=java.xml/javax.xml.namespace=ALL-UNNAMED --add-opens=java.base/java.time=ALL-UNNAMED -Xms512M -Xmx1G -Dfile.encoding=UTF-8 -Duser.country=US -Duser.language=en -Duser.variant -javaagent:C:\Users\jojot\.gradle\wrapper\dists\gradle-9.4.0-bin\lcvyxq3t37f6mx9miaydrrgs\gradle-9.4.0\lib\agents\gradle-instrumentation-agent-9.4.0.jar 
java_command: org.gradle.launcher.daemon.bootstrap.GradleDaemon 9.4.0
java_class_path (initial): C:\Users\jojot\.gradle\wrapper\dists\gradle-9.4.0-bin\lcvyxq3t37f6mx9miaydrrgs\gradle-9.4.0\lib\gradle-daemon-main-9.4.0.jar
Launcher Type: SUN_STANDARD

[Global flags]
     intx CICompilerCount                          = 4                                         {product} {ergonomic}
     uint ConcGCThreads                            = 3                                         {product} {ergonomic}
     uint G1ConcRefinementThreads                  = 10                                        {product} {ergonomic}
   size_t G1HeapRegionSize                         = 1048576                                   {product} {ergonomic}
    uintx GCDrainStackTargetSize                   = 64                                        {product} {ergonomic}
   size_t InitialHeapSize                          = 536870912                                 {product} {command line}
   size_t MarkStackSize                            = 4194304                                   {product} {ergonomic}
   size_t MaxHeapSize                              = 1073741824                                {product} {command line}
   size_t MaxNewSize                               = 643825664                                 {product} {ergonomic}
   size_t MinHeapDeltaBytes                        = 1048576                                   {product} {ergonomic}
   size_t MinHeapSize                              = 536870912                                 {product} {command line}
    uintx NonNMethodCodeHeapSize                   = 5839372                                {pd product} {ergonomic}
    uintx NonProfiledCodeHeapSize                  = 122909434                              {pd product} {ergonomic}
    uintx ProfiledCodeHeapSize                     = 122909434                              {pd product} {ergonomic}
    uintx ReservedCodeCacheSize                    = 251658240                              {pd product} {ergonomic}
     bool SegmentedCodeCache                       = true                                      {product} {ergonomic}
   size_t SoftMaxHeapSize                          = 1073741824                             {manageable} {ergonomic}
     bool UseCompressedOops                        = true                           {product lp64_product} {ergonomic}
     bool UseG1GC                                  = true                                      {product} {ergonomic}
     bool UseLargePagesIndividualAllocation        = false                                  {pd product} {ergonomic}

Logging:
Log output configuration:
 #0: stdout all=warning uptime,level,tags foldmultilines=false
 #1: stderr all=off uptime,level,tags foldmultilines=false

Environment Variables:
PATH=c:\Users\jojot\AppData\Roaming\Code\User\globalStorage\github.copilot-chat\debugCommand;c:\Users\jojot\AppData\Roaming\Code\User\globalStorage\github.copilot-chat\copilotCli;C:\Program Files\Common Files\Oracle\Java\javapath;C:\Windows\system32;C:\Windows;C:\Windows\System32\Wbem;C:\Windows\System32\WindowsPowerShell\v1.0\;C:\Windows\System32\OpenSSH\;C:\Program Files\dotnet\;C:\Program Files (x86)\Windows Kits\10\Windows Performance Toolkit\;C:\Users\jojot\AppData\Local\Microsoft\WindowsApps;C:\Users\jojot\AppData\Local\Programs\Microsoft VS Code\bin;C:\Users\jojot\AppData\Local\GitHubDesktop\bin;C:\Users\jojot\AppData\Local\Programs\Git\cmd;c:\Users\jojot\.vscode\extensions\vscjava.vscode-java-debug-0.59.0\bundled\scripts\noConfigScripts
USERNAME=jojot
LANG=en_US.UTF-8
OS=Windows_NT
PROCESSOR_IDENTIFIER=Intel64 Family 6 Model 186 Stepping 3, GenuineIntel
TMP=C:\Users\jojot\AppData\Local\Temp
TEMP=C:\Users\jojot\AppData\Local\Temp




Periodic native trim disabled

---------------  S Y S T E M  ---------------

OS:
 Windows 11 , 64 bit Build 26100 (10.0.26100.8328)
OS uptime: 4 days 8:23 hours
Hyper-V role detected

CPU: total 12 (initial active 12) (6 cores per cpu, 2 threads per core) family 6 model 186 stepping 3 microcode 0x6134, cx8, cmov, fxsr, ht, mmx, 3dnowpref, sse, sse2, sse3, ssse3, sse4.1, sse4.2, popcnt, lzcnt, tsc, tscinvbit, avx, avx2, aes, erms, clmul, bmi1, bmi2, adx, sha, fma, vzeroupper, clflush, clflushopt, clwb, hv, serialize, rdtscp, rdpid, fsrm, f16c, cet_ibt, cet_ss
Processor Information for processor 0
  Max Mhz: 1700, Current Mhz: 1700, Mhz Limit: 1700
Processor Information for processor 1
  Max Mhz: 1700, Current Mhz: 1700, Mhz Limit: 1700
Processor Information for processor 2
  Max Mhz: 1700, Current Mhz: 1700, Mhz Limit: 1700
Processor Information for processor 3
  Max Mhz: 1700, Current Mhz: 1700, Mhz Limit: 1700
Processor Information for processor 4
  Max Mhz: 1700, Current Mhz: 1700, Mhz Limit: 1700
Processor Information for processor 5
  Max Mhz: 1700, Current Mhz: 1700, Mhz Limit: 1700
Processor Information for processor 6
  Max Mhz: 1700, Current Mhz: 1558, Mhz Limit: 1700
Processor Information for processor 7
  Max Mhz: 1700, Current Mhz: 1558, Mhz Limit: 1700
Processor Information for processor 8
  Max Mhz: 1700, Current Mhz: 1700, Mhz Limit: 1700
Processor Information for processor 9
  Max Mhz: 1700, Current Mhz: 1700, Mhz Limit: 1700
Processor Information for processor 10
  Max Mhz: 1700, Current Mhz: 1700, Mhz Limit: 1700
Processor Information for processor 11
  Max Mhz: 1700, Current Mhz: 1700, Mhz Limit: 1700

Memory: 4k page, system-wide physical 16068M (208M free)
TotalPageFile size 65220M (AvailPageFile size 156M)
current process WorkingSet (physical memory assigned to process): 34M, peak: 643M
current process commit charge ("private bytes"): 759M, peak: 804M

vm_info: Java HotSpot(TM) 64-Bit Server VM (21.0.8+12-LTS-250) for windows-amd64 JRE (21.0.8+12-LTS-250), built on 2025-06-27T08:11:22Z by "mach5one" with MS VC++ 17.6 (VS2022)

END.
